timestamp,hour,total_verified_MW,reward_share,liquidity_share,producer_reward_MW,solarchain_liquidity_MW,demand_MW,fulfilled_demand_MW,unmet_demand_MW,baseline_liquidity_MW,slippage_solarchain_pct,slippage_baseline_pct
2026-04-01T00:00:00+08:00,0,0.0,0.2,0.8,0.0,0.018,0.008,0.008,0.0,0.008,12.6984,22.2222
2026-04-01T01:00:00+08:00,1,0.0,0.2,0.8,0.0,0.018,0.008,0.008,0.0,0.008,12.6984,22.2222
2026-04-01T02:00:00+08:00,2,0.0,0.2,0.8,0.0,0.018,0.008,0.008,0.0,0.008,12.6984,22.2222
2026-04-01T03:00:00+08:00,3,0.0,0.2,0.8,0.0,0.018,0.008,0.008,0.0,0.008,12.6984,22.2222
2026-04-01T04:00:00+08:00,4,0.0,0.2,0.8,0.0,0.018,0.008,0.008,0.0,0.008,12.6984,22.2222
2026-04-01T05:00:00+08:00,5,0.0,0.2,0.8,0.0,0.018,0.008,0.008,0.0,0.008,12.6984,22.2222
2026-04-01T06:00:00+08:00,6,0.0,0.2,0.8,0.0,0.018,0.008,0.008,0.0,0.008,12.6984,22.2222
2026-04-01T07:00:00+08:00,7,0.009985,0.2,0.8,0.001997,0.025988,0.008,0.008,0.0,0.012993,11.2695,19.5157
2026-04-01T08:00:00+08:00,8,0.048844,0.2,0.8,0.009769,0.057075,0.035168,0.035168,0.0,0.032422,34.4528,58.2036
2026-04-01T09:00:00+08:00,9,0.137616,0.2,0.8,0.027523,0.128092,0.099083,0.099083,0.0,0.076808,57.2429,94.538
2026-04-01T10:00:00+08:00,10,0.205878,0.2,0.8,0.041176,0.182703,0.148232,0.148232,0.0,0.110939,65.0991,106.6887
2026-04-01T11:00:00+08:00,11,0.246595,0.2,0.8,0.049319,0.215276,0.177549,0.177549,0.0,0.131298,68.2155,111.4571
2026-04-01T12:00:00+08:00,12,0.274964,0.2,0.8,0.054993,0.237971,0.197974,0.197974,0.0,0.145482,69.9626,114.1179
2026-04-01T13:00:00+08:00,13,0.271531,0.2,0.8,0.054306,0.235225,0.195503,0.195503,0.0,0.143766,69.7663,113.8194
2026-04-01T14:00:00+08:00,14,0.259948,0.2,0.8,0.05199,0.225958,0.187163,0.187163,0.0,0.137974,69.0743,112.7662
2026-04-01T15:00:00+08:00,15,0.223652,0.2,0.8,0.04473,0.196922,0.16103,0.16103,0.0,0.119826,66.5627,108.9318
2026-04-01T16:00:00+08:00,16,0.156385,0.2,0.8,0.031277,0.143108,0.112597,0.112597,0.0,0.086193,59.8578,98.603
2026-04-01T17:00:00+08:00,17,0.096097,0.2,0.8,0.019219,0.094878,0.06919,0.06919,0.0,0.056049,49.4646,82.3214
2026-04-01T18:00:00+08:00,18,0.025246,0.2,0.8,0.005049,0.038197,0.018177,0.018177,0.0,0.020623,21.8485,37.384
2026-04-01T19:00:00+08:00,19,0.002675,0.2,0.8,0.000535,0.02014,0.008,0.008,0.0,0.009337,12.2813,21.4263
2026-04-01T20:00:00+08:00,20,0.0,0.2,0.8,0.0,0.018,0.008,0.008,0.0,0.008,12.6984,22.2222
2026-04-01T21:00:00+08:00,21,0.0,0.2,0.8,0.0,0.018,0.008,0.008,0.0,0.008,12.6984,22.2222
2026-04-01T22:00:00+08:00,22,0.0,0.2,0.8,0.0,0.018,0.008,0.008,0.0,0.008,12.6984,22.2222
2026-04-01T23:00:00+08:00,23,0.0,0.2,0.8,0.0,0.018,0.008,0.008,0.0,0.008,12.6984,22.2222
2026-04-02T00:00:00+08:00,0,0.0,0.2,0.8,0.0,0.018,0.008,0.008,0.0,0.008,12.6984,22.2222
2026-04-02T01:00:00+08:00,1,0.0,0.2,0.8,0.0,0.018,0.008,0.008,0.0,0.008,12.6984,22.2222
2026-04-02T02:00:00+08:00,2,0.0,0.2,0.8,0.0,0.018,0.008,0.008,0.0,0.008,12.6984,22.2222
2026-04-02T03:00:00+08:00,3,0.0,0.2,0.8,0.0,0.018,0.008,0.008,0.0,0.008,12.6984,22.2222
2026-04-02T04:00:00+08:00,4,0.0,0.2,0.8,0.0,0.018,0.008,0.008,0.0,0.008,12.6984,22.2222
2026-04-02T05:00:00+08:00,5,0.0,0.2,0.8,0.0,0.018,0.008,0.008,0.0,0.008,12.6984,22.2222
2026-04-02T06:00:00+08:00,6,0.000247,0.2,0.8,4.9e-05,0.018198,0.008,0.008,0.0,0.008124,12.6587,22.1462
2026-04-02T07:00:00+08:00,7,0.017527,0.2,0.8,0.003505,0.032022,0.012619,0.012619,0.0,0.016764,16.3843,28.1914
2026-04-02T08:00:00+08:00,8,0.061902,0.2,0.8,0.01238,0.067522,0.04457,0.04457,0.0,0.038951,39.6098,66.5704
2026-04-02T09:00:00+08:00,9,0.123405,0.2,0.8,0.024681,0.116724,0.088851,0.088851,0.0,0.069702,54.9402,90.9409
2026-04-02T10:00:00+08:00,10,0.197065,0.2,0.8,0.039413,0.175652,0.141887,0.141887,0.0,0.106532,64.3034,105.4665
2026-04-02T11:00:00+08:00,11,0.242062,0.2,0.8,0.048412,0.211649,0.174284,0.174284,0.0,0.129031,67.9076,110.9874
2026-04-02T12:00:00+08:00,12,0.260751,0.2,0.8,0.05215,0.226601,0.187741,0.187741,0.0,0.138376,69.1238,112.8416
2026-04-02T13:00:00+08:00,13,0.269068,0.2,0.8,0.053814,0.233255,0.193729,0.193729,0.0,0.142534,69.623,113.6014
2026-04-02T14:00:00+08:00,14,0.240368,0.2,0.8,0.048074,0.210294,0.173065,0.173065,0.0,0.128184,67.7903,110.8084
2026-04-02T15:00:00+08:00,15,0.199838,0.2,0.8,0.039968,0.177871,0.143884,0.143884,0.0,0.107919,64.5592,105.8597
2026-04-02T16:00:00+08:00,16,0.123974,0.2,0.8,0.024795,0.117179,0.089261,0.089261,0.0,0.069987,55.0387,91.095
2026-04-02T17:00:00+08:00,17,0.064288,0.2,0.8,0.012858,0.06943,0.046287,0.046287,0.0,0.040144,40.4501,67.9256
2026-04-02T18:00:00+08:00,18,0.024265,0.2,0.8,0.004853,0.037412,0.01747,0.01747,0.0,0.020132,21.199,36.2968
2026-04-02T19:00:00+08:00,19,0.002304,0.2,0.8,0.000461,0.019843,0.008,0.008,0.0,0.009152,12.3374,21.5331
2026-04-02T20:00:00+08:00,20,0.0,0.2,0.8,0.0,0.018,0.008,0.008,0.0,0.008,12.6984,22.2222
2026-04-02T21:00:00+08:00,21,0.0,0.2,0.8,0.0,0.018,0.008,0.008,0.0,0.008,12.6984,22.2222
2026-04-02T22:00:00+08:00,22,0.0,0.2,0.8,0.0,0.018,0.008,0.008,0.0,0.008,12.6984,22.2222
2026-04-02T23:00:00+08:00,23,0.0,0.2,0.8,0.0,0.018,0.008,0.008,0.0,0.008,12.6984,22.2222
2026-04-03T00:00:00+08:00,0,0.0,0.2,0.8,0.0,0.018,0.008,0.008,0.0,0.008,12.6984,22.2222
2026-04-03T01:00:00+08:00,1,0.0,0.2,0.8,0.0,0.018,0.008,0.008,0.0,0.008,12.6984,22.2222
2026-04-03T02:00:00+08:00,2,0.0,0.2,0.8,0.0,0.018,0.008,0.008,0.0,0.008,12.6984,22.2222
2026-04-03T03:00:00+08:00,3,0.0,0.2,0.8,0.0,0.018,0.008,0.008,0.0,0.008,12.6984,22.2222
2026-04-03T04:00:00+08:00,4,0.0,0.2,0.8,0.0,0.018,0.008,0.008,0.0,0.008,12.6984,22.2222
2026-04-03T05:00:00+08:00,5,0.0,0.2,0.8,0.0,0.018,0.008,0.008,0.0,0.008,12.6984,22.2222
2026-04-03T06:00:00+08:00,6,6.2e-05,0.2,0.8,1.2e-05,0.018049,0.008,0.008,0.0,0.008031,12.6885,22.2032
2026-04-03T07:00:00+08:00,7,0.005168,0.2,0.8,0.001034,0.022134,0.008,0.008,0.0,0.010584,11.9165,20.7341
2026-04-03T08:00:00+08:00,8,0.024263,0.2,0.8,0.004853,0.037411,0.017469,0.017469,0.0,0.020132,21.1981,36.2952
2026-04-03T09:00:00+08:00,9,0.072225,0.2,0.8,0.014445,0.07578,0.052002,0.052002,0.0,0.044112,43.055,72.1122
2026-04-03T10:00:00+08:00,10,0.104609,0.2,0.8,0.020922,0.101687,0.075319,0.075319,0.0,0.060305,51.3464,85.2941
2026-04-03T11:00:00+08:00,11,0.135624,0.2,0.8,0.027125,0.126499,0.09765,0.09765,0.0,0.075812,56.9387,94.0637
2026-04-03T12:00:00+08:00,12,0.182439,0.2,0.8,0.036488,0.163951,0.131356,0.131356,0.0,0.09922,62.8645,103.2516
2026-04-03T13:00:00+08:00,13,0.200738,0.2,0.8,0.040148,0.178591,0.144532,0.144532,0.0,0.108369,64.6412,105.9855
2026-04-03T14:00:00+08:00,14,0.179369,0.2,0.8,0.035874,0.161495,0.129146,0.129146,0.0,0.097685,62.5417,102.7539
2026-04-03T15:00:00+08:00,15,0.146297,0.2,0.8,0.029259,0.135038,0.105334,0.105334,0.0,0.081149,58.5066,96.5052
2026-04-03T16:00:00+08:00,16,0.11488,0.2,0.8,0.022976,0.109904,0.082714,0.082714,0.0,0.06544,53.3968,88.5207
2026-04-03T17:00:00+08:00,17,0.075059,0.2,0.8,0.015012,0.078047,0.054043,0.054043,0.0,0.04553,43.9201,73.4977
2026-04-03T18:00:00+08:00,18,0.030061,0.2,0.8,0.006012,0.042049,0.021644,0.021644,0.0,0.023031,24.8643,42.414
2026-04-03T19:00:00+08:00,19,0.00253,0.2,0.8,0.000506,0.020024,0.008,0.008,0.0,0.009265,12.3031,21.4678
2026-04-03T20:00:00+08:00,20,0.0,0.2,0.8,0.0,0.018,0.008,0.008,0.0,0.008,12.6984,22.2222
2026-04-03T21:00:00+08:00,21,0.0,0.2,0.8,0.0,0.018,0.008,0.008,0.0,0.008,12.6984,22.2222
2026-04-03T22:00:00+08:00,22,0.0,0.2,0.8,0.0,0.018,0.008,0.008,0.0,0.008,12.6984,22.2222
2026-04-03T23:00:00+08:00,23,0.0,0.2,0.8,0.0,0.018,0.008,0.008,0.0,0.008,12.6984,22.2222
2026-04-04T00:00:00+08:00,0,0.0,0.2,0.8,0.0,0.018,0.008,0.008,0.0,0.008,12.6984,22.2222
2026-04-04T01:00:00+08:00,1,0.0,0.2,0.8,0.0,0.018,0.008,0.008,0.0,0.008,12.6984,22.2222
2026-04-04T02:00:00+08:00,2,0.0,0.2,0.8,0.0,0.018,0.008,0.008,0.0,0.008,12.6984,22.2222
2026-04-04T03:00:00+08:00,3,0.0,0.2,0.8,0.0,0.018,0.008,0.008,0.0,0.008,12.6984,22.2222
2026-04-04T04:00:00+08:00,4,0.0,0.2,0.8,0.0,0.018,0.008,0.008,0.0,0.008,12.6984,22.2222
2026-04-04T05:00:00+08:00,5,0.0,0.2,0.8,0.0,0.018,0.008,0.008,0.0,0.008,12.6984,22.2222
2026-04-04T06:00:00+08:00,6,0.000314,0.2,0.8,6.3e-05,0.018251,0.008,0.008,0.0,0.008157,12.648,22.1258
2026-04-04T07:00:00+08:00,7,0.017871,0.2,0.8,0.003574,0.032297,0.012867,0.012867,0.0,0.016935,16.6464,28.6346
2026-04-04T08:00:00+08:00,8,0.063813,0.2,0.8,0.012763,0.06905,0.045945,0.045945,0.0,0.039906,40.285,67.6595
2026-04-04T09:00:00+08:00,9,0.143007,0.2,0.8,0.028601,0.132406,0.102965,0.102965,0.0,0.079504,58.0394,95.7784
2026-04-04T10:00:00+08:00,10,0.196465,0.2,0.8,0.039293,0.175172,0.141455,0.141455,0.0,0.106233,64.2474,105.3805
2026-04-04T11:00:00+08:00,11,0.232273,0.2,0.8,0.046455,0.203818,0.167236,0.167236,0.0,0.124136,67.2123,109.9253
2026-04-04T12:00:00+08:00,12,0.237052,0.2,0.8,0.04741,0.207642,0.170678,0.170678,0.0,0.126526,67.5572,110.4523
2026-04-04T13:00:00+08:00,13,0.27551,0.2,0.8,0.055102,0.238408,0.198367,0.198367,0.0,0.145755,69.9935,114.1649
2026-04-04T14:00:00+08:00,14,0.257902,0.2,0.8,0.05158,0.224322,0.185689,0.185689,0.0,0.136951,68.9471,112.5725
2026-04-04T15:00:00+08:00,15,0.203423,0.2,0.8,0.040685,0.180739,0.146465,0.146465,0.0,0.109712,64.8824,106.3561
2026-04-04T16:00:00+08:00,16,0.170768,0.2,0.8,0.034154,0.154614,0.122953,0.122953,0.0,0.093384,61.5952,101.2925
2026-04-04T17:00:00+08:00,17,0.102357,0.2,0.8,0.020471,0.099885,0.073697,0.073697,0.0,0.059178,50.8656,84.5356
2026-04-04T18:00:00+08:00,18,0.029929,0.2,0.8,0.005986,0.041943,0.021549,0.021549,0.0,0.022964,24.7848,42.2817
2026-04-04T19:00:00+08:00,19,0.002766,0.2,0.8,0.000553,0.020213,0.008,0.008,0.0,0.009383,12.2675,21.4
2026-04-04T20:00:00+08:00,20,0.0,0.2,0.8,0.0,0.018,0.008,0.008,0.0,0.008,12.6984,22.2222
2026-04-04T21:00:00+08:00,21,0.0,0.2,0.8,0.0,0.018,0.008,0.008,0.0,0.008,12.6984,22.2222
2026-04-04T22:00:00+08:00,22,0.0,0.2,0.8,0.0,0.018,0.008,0.008,0.0,0.008,12.6984,22.2222
2026-04-04T23:00:00+08:00,23,0.0,0.2,0.8,0.0,0.018,0.008,0.008,0.0,0.008,12.6984,22.2222
2026-04-05T00:00:00+08:00,0,0.0,0.2,0.8,0.0,0.018,0.008,0.008,0.0,0.008,12.6984,22.2222
2026-04-05T01:00:00+08:00,1,0.0,0.2,0.8,0.0,0.018,0.008,0.008,0.0,0.008,12.6984,22.2222
2026-04-05T02:00:00+08:00,2,0.0,0.2,0.8,0.0,0.018,0.008,0.008,0.0,0.008,12.6984,22.2222
2026-04-05T03:00:00+08:00,3,0.0,0.2,0.8,0.0,0.018,0.008,0.008,0.0,0.008,12.6984,22.2222
2026-04-05T04:00:00+08:00,4,0.0,0.2,0.8,0.0,0.018,0.008,0.008,0.0,0.008,12.6984,22.2222
2026-04-05T05:00:00+08:00,5,0.0,0.2,0.8,0.0,0.018,0.008,0.008,0.0,0.008,12.6984,22.2222
2026-04-05T06:00:00+08:00,6,0.00033,0.2,0.8,6.6e-05,0.018264,0.008,0.008,0.0,0.008165,12.6454,22.1207
2026-04-05T07:00:00+08:00,7,0.01768,0.2,0.8,0.003536,0.032144,0.01273,0.01273,0.0,0.01684,16.5011,28.389
2026-04-05T08:00:00+08:00,8,0.070338,0.2,0.8,0.014068,0.07427,0.050643,0.050643,0.0,0.043169,42.4609,71.1593
2026-04-05T09:00:00+08:00,9,0.131078,0.2,0.8,0.026216,0.122863,0.094376,0.094376,0.0,0.073539,56.2224,92.9458
2026-04-05T10:00:00+08:00,10,0.183105,0.2,0.8,0.036621,0.164484,0.131836,0.131836,0.0,0.099553,62.9335,103.3579
2026-04-05T11:00:00+08:00,11,0.225696,0.2,0.8,0.045139,0.198557,0.162501,0.162501,0.0,0.120848,66.72,109.1725
2026-04-05T12:00:00+08:00,12,0.258656,0.2,0.8,0.051731,0.224925,0.186232,0.186232,0.0,0.137328,68.9941,112.6441
2026-04-05T13:00:00+08:00,13,0.28097,0.2,0.8,0.056194,0.242776,0.202299,0.202299,0.0,0.148485,70.2972,114.6264
2026-04-05T14:00:00+08:00,14,0.2382,0.2,0.8,0.04764,0.20856,0.171504,0.171504,0.0,0.1271,67.6384,110.5764
2026-04-05T15:00:00+08:00,15,0.200479,0.2,0.8,0.040096,0.178384,0.144345,0.144345,0.0,0.10824,64.6176,105.9494
2026-04-05T16:00:00+08:00,16,0.161793,0.2,0.8,0.032359,0.147435,0.116491,0.116491,0.0,0.088897,60.5354,99.6531
2026-04-05T17:00:00+08:00,17,0.088268,0.2,0.8,0.017654,0.088615,0.063553,0.063553,0.0,0.052134,47.5645,79.3084
2026-04-05T18:00:00+08:00,18,0.02531,0.2,0.8,0.005062,0.038248,0.018223,0.018223,0.0,0.020655,21.8903,37.454
2026-04-05T19:00:00+08:00,19,0.003174,0.2,0.8,0.000635,0.020539,0.008,0.008,0.0,0.009587,12.2064,21.2839
2026-04-05T20:00:00+08:00,20,0.0,0.2,0.8,0.0,0.018,0.008,0.008,0.0,0.008,12.6984,22.2222
2026-04-05T21:00:00+08:00,21,0.0,0.2,0.8,0.0,0.018,0.008,0.008,0.0,0.008,12.6984,22.2222
2026-04-05T22:00:00+08:00,22,0.0,0.2,0.8,0.0,0.018,0.008,0.008,0.0,0.008,12.6984,22.2222
2026-04-05T23:00:00+08:00,23,0.0,0.2,0.8,0.0,0.018,0.008,0.008,0.0,0.008,12.6984,22.2222
2026-04-06T00:00:00+08:00,0,0.0,0.2,0.8,0.0,0.018,0.008,0.008,0.0,0.008,12.6984,22.2222
2026-04-06T01:00:00+08:00,1,0.0,0.2,0.8,0.0,0.018,0.008,0.008,0.0,0.008,12.6984,22.2222
2026-04-06T02:00:00+08:00,2,0.0,0.2,0.8,0.0,0.018,0.008,0.008,0.0,0.008,12.6984,22.2222
2026-04-06T03:00:00+08:00,3,0.0,0.2,0.8,0.0,0.018,0.008,0.008,0.0,0.008,12.6984,22.2222
2026-04-06T04:00:00+08:00,4,0.0,0.2,0.8,0.0,0.018,0.008,0.008,0.0,0.008,12.6984,22.2222
2026-04-06T05:00:00+08:00,5,0.0,0.2,0.8,0.0,0.018,0.008,0.008,0.0,0.008,12.6984,22.2222
2026-04-06T06:00:00+08:00,6,0.000249,0.2,0.8,5e-05,0.018199,0.008,0.008,0.0,0.008124,12.6584,22.1457
2026-04-06T07:00:00+08:00,7,0.008571,0.2,0.8,0.001714,0.024857,0.008,0.008,0.0,0.012286,11.452,19.8582
2026-04-06T08:00:00+08:00,8,0.027656,0.2,0.8,0.005531,0.040125,0.019912,0.019912,0.0,0.021828,23.3917,39.9618
2026-04-06T09:00:00+08:00,9,0.070525,0.2,0.8,0.014105,0.07442,0.050778,0.050778,0.0,0.043263,42.5206,71.2549
2026-04-06T10:00:00+08:00,10,0.124171,0.2,0.8,0.024834,0.117337,0.089403,0.089403,0.0,0.070085,55.0726,91.1481
2026-04-06T11:00:00+08:00,11,0.172536,0.2,0.8,0.034507,0.156029,0.124226,0.124226,0.0,0.094268,61.7951,101.6013
2026-04-06T12:00:00+08:00,12,0.205562,0.2,0.8,0.041112,0.18245,0.148005,0.148005,0.0,0.110781,65.0714,106.6462
2026-04-06T13:00:00+08:00,13,0.216634,0.2,0.8,0.043327,0.191307,0.155977,0.155977,0.0,0.116317,66.0058,108.0791
2026-04-06T14:00:00+08:00,14,0.210473,0.2,0.8,0.042095,0.186378,0.151541,0.151541,0.0,0.113237,65.4947,107.2956
2026-04-06T15:00:00+08:00,15,0.159468,0.2,0.8,0.031894,0.145574,0.114817,0.114817,0.0,0.087734,60.2478,99.2076
2026-04-06T16:00:00+08:00,16,0.116286,0.2,0.8,0.023257,0.111029,0.083726,0.083726,0.0,0.066143,53.6606,88.9349
2026-04-06T17:00:00+08:00,17,0.058253,0.2,0.8,0.011651,0.064603,0.041942,0.041942,0.0,0.037127,38.2677,64.4013
2026-04-06T18:00:00+08:00,18,0.01406,0.2,0.8,0.002812,0.029248,0.010123,0.010123,0.0,0.01503,13.634,23.5253
2026-04-06T19:00:00+08:00,19,0.003043,0.2,0.8,0.000609,0.020434,0.008,0.008,0.0,0.009521,12.226,21.3212
2026-04-06T20:00:00+08:00,20,0.0,0.2,0.8,0.0,0.018,0.008,0.008,0.0,0.008,12.6984,22.2222
2026-04-06T21:00:00+08:00,21,0.0,0.2,0.8,0.0,0.018,0.008,0.008,0.0,0.008,12.6984,22.2222
2026-04-06T22:00:00+08:00,22,0.0,0.2,0.8,0.0,0.018,0.008,0.008,0.0,0.008,12.6984,22.2222
2026-04-06T23:00:00+08:00,23,0.0,0.2,0.8,0.0,0.018,0.008,0.008,0.0,0.008,12.6984,22.2222
2026-04-07T00:00:00+08:00,0,0.0,0.2,0.8,0.0,0.018,0.008,0.008,0.0,0.008,12.6984,22.2222
2026-04-07T01:00:00+08:00,1,0.0,0.2,0.8,0.0,0.018,0.008,0.008,0.0,0.008,12.6984,22.2222
2026-04-07T02:00:00+08:00,2,0.0,0.2,0.8,0.0,0.018,0.008,0.008,0.0,0.008,12.6984,22.2222
2026-04-07T03:00:00+08:00,3,0.0,0.2,0.8,0.0,0.018,0.008,0.008,0.0,0.008,12.6984,22.2222
2026-04-07T04:00:00+08:00,4,0.0,0.2,0.8,0.0,0.018,0.008,0.008,0.0,0.008,12.6984,22.2222
2026-04-07T05:00:00+08:00,5,0.0,0.2,0.8,0.0,0.018,0.008,0.008,0.0,0.008,12.6984,22.2222
2026-04-07T06:00:00+08:00,6,0.000419,0.2,0.8,8.4e-05,0.018335,0.008,0.008,0.0,0.008209,12.6313,22.0938
2026-04-07T07:00:00+08:00,7,0.01836,0.2,0.8,0.003672,0.032688,0.013219,0.013219,0.0,0.01718,17.0157,29.2588
2026-04-07T08:00:00+08:00,8,0.060559,0.2,0.8,0.012112,0.066447,0.043602,0.043602,0.0,0.038279,39.1239,65.7857
2026-04-07T09:00:00+08:00,9,0.129109,0.2,0.8,0.025822,0.121287,0.092958,0.092958,0.0,0.072554,55.9023,92.4458
2026-04-07T10:00:00+08:00,10,0.205893,0.2,0.8,0.041179,0.182715,0.148243,0.148243,0.0,0.110947,65.1004,106.6907
2026-04-07T11:00:00+08:00,11,0.241272,0.2,0.8,0.048254,0.211018,0.173716,0.173716,0.0,0.128636,67.8531,110.9041
2026-04-07T12:00:00+08:00,12,0.291389,0.2,0.8,0.058278,0.251111,0.2098,0.2098,0.0,0.153694,70.8518,115.4686
2026-04-07T13:00:00+08:00,13,0.276948,0.2,0.8,0.05539,0.239558,0.199403,0.199403,0.0,0.146474,70.0744,114.2878
2026-04-07T14:00:00+08:00,14,0.269737,0.2,0.8,0.053947,0.23379,0.194211,0.194211,0.0,0.142869,69.6621,113.6609
2026-04-07T15:00:00+08:00,15,0.225794,0.2,0.8,0.045159,0.198636,0.162572,0.162572,0.0,0.120897,66.7275,109.184
2026-04-07T16:00:00+08:00,16,0.168535,0.2,0.8,0.033707,0.152828,0.121345,0.121345,0.0,0.092267,61.3387,100.896
2026-04-07T17:00:00+08:00,17,0.088727,0.2,0.8,0.017745,0.088982,0.063884,0.063884,0.0,0.052364,47.6808,79.4932
2026-04-07T18:00:00+08:00,18,0.024855,0.2,0.8,0.004971,0.037884,0.017895,0.017895,0.0,0.020427,21.5909,36.9529
2026-04-07T19:00:00+08:00,19,0.003547,0.2,0.8,0.000709,0.020838,0.008,0.008,0.0,0.009774,12.1511,21.1788
2026-04-07T20:00:00+08:00,20,0.0,0.2,0.8,0.0,0.018,0.008,0.008,0.0,0.008,12.6984,22.2222
2026-04-07T21:00:00+08:00,21,0.0,0.2,0.8,0.0,0.018,0.008,0.008,0.0,0.008,12.6984,22.2222
2026-04-07T22:00:00+08:00,22,0.0,0.2,0.8,0.0,0.018,0.008,0.008,0.0,0.008,12.6984,22.2222
2026-04-07T23:00:00+08:00,23,0.0,0.2,0.8,0.0,0.018,0.008,0.008,0.0,0.008,12.6984,22.2222
2026-04-08T00:00:00+08:00,0,0.0,0.2,0.8,0.0,0.018,0.008,0.008,0.0,0.008,12.6984,22.2222
2026-04-08T01:00:00+08:00,1,0.0,0.2,0.8,0.0,0.018,0.008,0.008,0.0,0.008,12.6984,22.2222
2026-04-08T02:00:00+08:00,2,0.0,0.2,0.8,0.0,0.018,0.008,0.008,0.0,0.008,12.6984,22.2222
2026-04-08T03:00:00+08:00,3,0.0,0.2,0.8,0.0,0.018,0.008,0.008,0.0,0.008,12.6984,22.2222
2026-04-08T04:00:00+08:00,4,0.0,0.2,0.8,0.0,0.018,0.008,0.008,0.0,0.008,12.6984,22.2222
2026-04-08T05:00:00+08:00,5,0.0,0.2,0.8,0.0,0.018,0.008,0.008,0.0,0.008,12.6984,22.2222
2026-04-08T06:00:00+08:00,6,0.0006,0.2,0.8,0.00012,0.01848,0.008,0.008,0.0,0.0083,12.6024,22.0386
2026-04-08T07:00:00+08:00,7,0.017884,0.2,0.8,0.003577,0.032308,0.012877,0.012877,0.0,0.016942,16.6566,28.6519
2026-04-08T08:00:00+08:00,8,0.058707,0.2,0.8,0.011741,0.064966,0.042269,0.042269,0.0,0.037353,38.4384,64.6775
2026-04-08T09:00:00+08:00,9,0.130852,0.2,0.8,0.02617,0.122682,0.094214,0.094214,0.0,0.073426,56.1859,92.8889
2026-04-08T10:00:00+08:00,10,0.171334,0.2,0.8,0.034267,0.155068,0.123361,0.123361,0.0,0.093667,61.6596,101.392
2026-04-08T11:00:00+08:00,11,0.21489,0.2,0.8,0.042978,0.189912,0.154721,0.154721,0.0,0.115445,65.8633,107.8607
2026-04-08T12:00:00+08:00,12,0.232373,0.2,0.8,0.046475,0.203899,0.167309,0.167309,0.0,0.124187,67.2196,109.9366
2026-04-08T13:00:00+08:00,13,0.247849,0.2,0.8,0.04957,0.21628,0.178452,0.178452,0.0,0.131925,68.2991,111.5848
2026-04-08T14:00:00+08:00,14,0.205475,0.2,0.8,0.041095,0.18238,0.147942,0.147942,0.0,0.110738,65.0638,106.6345
2026-04-08T15:00:00+08:00,15,0.184891,0.2,0.8,0.036978,0.165913,0.133122,0.133122,0.0,0.100446,63.1169,103.6405
2026-04-08T16:00:00+08:00,16,0.099438,0.2,0.8,0.019888,0.09755,0.071595,0.071595,0.0,0.057719,50.2245,83.5232
2026-04-08T17:00:00+08:00,17,0.064607,0.2,0.8,0.012921,0.069685,0.046517,0.046517,0.0,0.040303,40.5603,68.1032
2026-04-08T18:00:00+08:00,18,0.024038,0.2,0.8,0.004808,0.037231,0.017307,0.017307,0.0,0.020019,21.0475,36.0429
2026-04-08T19:00:00+08:00,19,0.003645,0.2,0.8,0.000729,0.020916,0.008,0.008,0.0,0.009823,12.1366,21.1514
2026-04-08T20:00:00+08:00,20,0.0,0.2,0.8,0.0,0.018,0.008,0.008,0.0,0.008,12.6984,22.2222
2026-04-08T21:00:00+08:00,21,0.0,0.2,0.8,0.0,0.018,0.008,0.008,0.0,0.008,12.6984,22.2222
2026-04-08T22:00:00+08:00,22,0.0,0.2,0.8,0.0,0.018,0.008,0.008,0.0,0.008,12.6984,22.2222
2026-04-08T23:00:00+08:00,23,0.0,0.2,0.8,0.0,0.018,0.008,0.008,0.0,0.008,12.6984,22.2222
2026-04-09T00:00:00+08:00,0,0.0,0.2,0.8,0.0,0.018,0.008,0.008,0.0,0.008,12.6984,22.2222
2026-04-09T01:00:00+08:00,1,0.0,0.2,0.8,0.0,0.018,0.008,0.008,0.0,0.008,12.6984,22.2222
2026-04-09T02:00:00+08:00,2,0.0,0.2,0.8,0.0,0.018,0.008,0.008,0.0,0.008,12.6984,22.2222
2026-04-09T03:00:00+08:00,3,0.0,0.2,0.8,0.0,0.018,0.008,0.008,0.0,0.008,12.6984,22.2222
2026-04-09T04:00:00+08:00,4,0.0,0.2,0.8,0.0,0.018,0.008,0.008,0.0,0.008,12.6984,22.2222
2026-04-09T05:00:00+08:00,5,0.0,0.2,0.8,0.0,0.018,0.008,0.008,0.0,0.008,12.6984,22.2222
2026-04-09T06:00:00+08:00,6,0.000413,0.2,0.8,8.3e-05,0.01833,0.008,0.008,0.0,0.008206,12.6322,22.0956
2026-04-09T07:00:00+08:00,7,0.013612,0.2,0.8,0.002722,0.028889,0.009801,0.009801,0.0,0.014806,13.2637,22.8952
2026-04-09T08:00:00+08:00,8,0.047961,0.2,0.8,0.009592,0.056369,0.034532,0.034532,0.0,0.03198,34.0655,57.5717
2026-04-09T09:00:00+08:00,9,0.092329,0.2,0.8,0.018466,0.091863,0.066477,0.066477,0.0,0.054164,48.5717,80.907
2026-04-09T10:00:00+08:00,10,0.126359,0.2,0.8,0.025272,0.119087,0.090978,0.090978,0.0,0.071179,55.4451,91.731
2026-04-09T11:00:00+08:00,11,0.143753,0.2,0.8,0.028751,0.133002,0.103502,0.103502,0.0,0.079876,58.1465,95.945
2026-04-09T12:00:00+08:00,12,0.206141,0.2,0.8,0.041228,0.182913,0.148422,0.148422,0.0,0.111071,65.1221,106.724
2026-04-09T13:00:00+08:00,13,0.201788,0.2,0.8,0.040358,0.179431,0.145287,0.145287,0.0,0.108894,64.7361,106.1313
2026-04-09T14:00:00+08:00,14,0.214439,0.2,0.8,0.042888,0.189551,0.154396,0.154396,0.0,0.11522,65.8262,107.8039
2026-04-09T15:00:00+08:00,15,0.189962,0.2,0.8,0.037992,0.16997,0.136773,0.136773,0.0,0.102981,63.6242,104.4218
2026-04-09T16:00:00+08:00,16,0.135401,0.2,0.8,0.02708,0.126321,0.097489,0.097489,0.0,0.0757,56.9041,94.0098
2026-04-09T17:00:00+08:00,17,0.091322,0.2,0.8,0.018264,0.091057,0.065751,0.065751,0.0,0.053661,48.3264,80.5178
2026-04-09T18:00:00+08:00,18,0.02819,0.2,0.8,0.005638,0.040552,0.020297,0.020297,0.0,0.022095,23.7245,40.5166
2026-04-09T19:00:00+08:00,19,0.003534,0.2,0.8,0.000707,0.020827,0.008,0.008,0.0,0.009767,12.1531,21.1826
2026-04-09T20:00:00+08:00,20,0.0,0.2,0.8,0.0,0.018,0.008,0.008,0.0,0.008,12.6984,22.2222
2026-04-09T21:00:00+08:00,21,0.0,0.2,0.8,0.0,0.018,0.008,0.008,0.0,0.008,12.6984,22.2222
2026-04-09T22:00:00+08:00,22,0.0,0.2,0.8,0.0,0.018,0.008,0.008,0.0,0.008,12.6984,22.2222
2026-04-09T23:00:00+08:00,23,0.0,0.2,0.8,0.0,0.018,0.008,0.008,0.0,0.008,12.6984,22.2222
2026-04-10T00:00:00+08:00,0,0.0,0.2,0.8,0.0,0.018,0.008,0.008,0.0,0.008,12.6984,22.2222
2026-04-10T01:00:00+08:00,1,0.0,0.2,0.8,0.0,0.018,0.008,0.008,0.0,0.008,12.6984,22.2222
2026-04-10T02:00:00+08:00,2,0.0,0.2,0.8,0.0,0.018,0.008,0.008,0.0,0.008,12.6984,22.2222
2026-04-10T03:00:00+08:00,3,0.0,0.2,0.8,0.0,0.018,0.008,0.008,0.0,0.008,12.6984,22.2222
2026-04-10T04:00:00+08:00,4,0.0,0.2,0.8,0.0,0.018,0.008,0.008,0.0,0.008,12.6984,22.2222
2026-04-10T05:00:00+08:00,5,0.0,0.2,0.8,0.0,0.018,0.008,0.008,0.0,0.008,12.6984,22.2222
2026-04-10T06:00:00+08:00,6,0.000415,0.2,0.8,8.3e-05,0.018332,0.008,0.008,0.0,0.008207,12.6319,22.095
2026-04-10T07:00:00+08:00,7,0.013718,0.2,0.8,0.002744,0.028975,0.009877,0.009877,0.0,0.014859,13.3522,23.0458
2026-04-10T08:00:00+08:00,8,0.060023,0.2,0.8,0.012005,0.066018,0.043217,0.043217,0.0,0.038012,38.9274,65.4683
2026-04-10T09:00:00+08:00,9,0.099014,0.2,0.8,0.019803,0.097211,0.07129,0.07129,0.0,0.057507,50.1296,83.3732
2026-04-10T10:00:00+08:00,10,0.157127,0.2,0.8,0.031425,0.143701,0.113131,0.113131,0.0,0.086563,59.9525,98.7499
2026-04-10T11:00:00+08:00,11,0.201726,0.2,0.8,0.040345,0.179381,0.145243,0.145243,0.0,0.108863,64.7305,106.1228
2026-04-10T12:00:00+08:00,12,0.207118,0.2,0.8,0.041424,0.183695,0.149125,0.149125,0.0,0.111559,65.2071,106.8545
2026-04-10T13:00:00+08:00,13,0.235679,0.2,0.8,0.047136,0.206543,0.169689,0.169689,0.0,0.12584,67.4592,110.3026
2026-04-10T14:00:00+08:00,14,0.238228,0.2,0.8,0.047646,0.208582,0.171524,0.171524,0.0,0.127114,67.6404,110.5794
2026-04-10T15:00:00+08:00,15,0.224576,0.2,0.8,0.044915,0.197661,0.161695,0.161695,0.0,0.120288,66.634,109.041
2026-04-10T16:00:00+08:00,16,0.168208,0.2,0.8,0.033642,0.152566,0.12111,0.12111,0.0,0.092104,61.3008,100.8374
2026-04-10T17:00:00+08:00,17,0.115865,0.2,0.8,0.023173,0.110692,0.083423,0.083423,0.0,0.065933,53.582,88.8115
2026-04-10T18:00:00+08:00,18,0.034934,0.2,0.8,0.006987,0.045947,0.025152,0.025152,0.0,0.025467,27.6561,47.043
2026-04-10T19:00:00+08:00,19,0.003932,0.2,0.8,0.000786,0.021146,0.008,0.008,0.0,0.009966,12.0945,21.0715
2026-04-10T20:00:00+08:00,20,0.0,0.2,0.8,0.0,0.018,0.008,0.008,0.0,0.008,12.6984,22.2222
2026-04-10T21:00:00+08:00,21,0.0,0.2,0.8,0.0,0.018,0.008,0.008,0.0,0.008,12.6984,22.2222
2026-04-10T22:00:00+08:00,22,0.0,0.2,0.8,0.0,0.018,0.008,0.008,0.0,0.008,12.6984,22.2222
2026-04-10T23:00:00+08:00,23,0.0,0.2,0.8,0.0,0.018,0.008,0.008,0.0,0.008,12.6984,22.2222
2026-04-11T00:00:00+08:00,0,0.0,0.2,0.8,0.0,0.018,0.008,0.008,0.0,0.008,12.6984,22.2222
2026-04-11T01:00:00+08:00,1,0.0,0.2,0.8,0.0,0.018,0.008,0.008,0.0,0.008,12.6984,22.2222
2026-04-11T02:00:00+08:00,2,0.0,0.2,0.8,0.0,0.018,0.008,0.008,0.0,0.008,12.6984,22.2222
2026-04-11T03:00:00+08:00,3,0.0,0.2,0.8,0.0,0.018,0.008,0.008,0.0,0.008,12.6984,22.2222
2026-04-11T04:00:00+08:00,4,0.0,0.2,0.8,0.0,0.018,0.008,0.008,0.0,0.008,12.6984,22.2222
2026-04-11T05:00:00+08:00,5,0.0,0.2,0.8,0.0,0.018,0.008,0.008,0.0,0.008,12.6984,22.2222
2026-04-11T06:00:00+08:00,6,0.000611,0.2,0.8,0.000122,0.018489,0.008,0.008,0.0,0.008305,12.6007,22.0352
2026-04-11T07:00:00+08:00,7,0.013436,0.2,0.8,0.002687,0.028749,0.009674,0.009674,0.0,0.014718,13.1178,22.6467
2026-04-11T08:00:00+08:00,8,0.053951,0.2,0.8,0.01079,0.061161,0.038845,0.038845,0.0,0.034975,36.5904,61.6821
2026-04-11T09:00:00+08:00,9,0.111245,0.2,0.8,0.022249,0.106996,0.080097,0.080097,0.0,0.063623,52.6964,87.4201
2026-04-11T10:00:00+08:00,10,0.14087,0.2,0.8,0.028174,0.130696,0.101426,0.101426,0.0,0.078435,57.7283,95.2942
2026-04-11T11:00:00+08:00,11,0.186459,0.2,0.8,0.037292,0.167167,0.13425,0.13425,0.0,0.101229,63.2758,103.8853
2026-04-11T12:00:00+08:00,12,0.194685,0.2,0.8,0.038937,0.173748,0.140173,0.140173,0.0,0.105342,64.0798,105.1227
2026-04-11T13:00:00+08:00,13,0.203964,0.2,0.8,0.040793,0.181171,0.146854,0.146854,0.0,0.109982,64.9305,106.4299
2026-04-11T14:00:00+08:00,14,0.186388,0.2,0.8,0.037278,0.16711,0.134199,0.134199,0.0,0.101194,63.2686,103.8743
2026-04-11T15:00:00+08:00,15,0.149944,0.2,0.8,0.029989,0.137955,0.10796,0.10796,0.0,0.082972,59.0088,97.2855
2026-04-11T16:00:00+08:00,16,0.10407,0.2,0.8,0.020814,0.101256,0.074931,0.074931,0.0,0.060035,51.2325,85.1145
2026-04-11T17:00:00+08:00,17,0.079055,0.2,0.8,0.015811,0.081244,0.056919,0.056919,0.0,0.047527,45.0869,75.3626
2026-04-11T18:00:00+08:00,18,0.031753,0.2,0.8,0.006351,0.043403,0.022862,0.022862,0.0,0.023877,25.8616,44.0705
2026-04-11T19:00:00+08:00,19,0.00405,0.2,0.8,0.00081,0.02124,0.008,0.008,0.0,0.010025,12.0773,21.0388
2026-04-11T20:00:00+08:00,20,0.0,0.2,0.8,0.0,0.018,0.008,0.008,0.0,0.008,12.6984,22.2222
2026-04-11T21:00:00+08:00,21,0.0,0.2,0.8,0.0,0.018,0.008,0.008,0.0,0.008,12.6984,22.2222
2026-04-11T22:00:00+08:00,22,0.0,0.2,0.8,0.0,0.018,0.008,0.008,0.0,0.008,12.6984,22.2222
2026-04-11T23:00:00+08:00,23,0.0,0.2,0.8,0.0,0.018,0.008,0.008,0.0,0.008,12.6984,22.2222
2026-04-12T00:00:00+08:00,0,0.0,0.2,0.8,0.0,0.018,0.008,0.008,0.0,0.008,12.6984,22.2222
2026-04-12T01:00:00+08:00,1,0.0,0.2,0.8,0.0,0.018,0.008,0.008,0.0,0.008,12.6984,22.2222
2026-04-12T02:00:00+08:00,2,0.0,0.2,0.8,0.0,0.018,0.008,0.008,0.0,0.008,12.6984,22.2222
2026-04-12T03:00:00+08:00,3,0.0,0.2,0.8,0.0,0.018,0.008,0.008,0.0,0.008,12.6984,22.2222
2026-04-12T04:00:00+08:00,4,0.0,0.2,0.8,0.0,0.018,0.008,0.008,0.0,0.008,12.6984,22.2222
2026-04-12T05:00:00+08:00,5,0.0,0.2,0.8,0.0,0.018,0.008,0.008,0.0,0.008,12.6984,22.2222
2026-04-12T06:00:00+08:00,6,0.000341,0.2,0.8,6.8e-05,0.018273,0.008,0.008,0.0,0.00817,12.6437,22.1175
2026-04-12T07:00:00+08:00,7,0.01083,0.2,0.8,0.002166,0.026664,0.008,0.008,0.0,0.013415,11.1632,19.3166
2026-04-12T08:00:00+08:00,8,0.041574,0.2,0.8,0.008315,0.051259,0.029933,0.029933,0.0,0.028787,31.0966,52.7115
2026-04-12T09:00:00+08:00,9,0.086546,0.2,0.8,0.017309,0.087236,0.062313,0.062313,0.0,0.051273,47.1222,78.6055
2026-04-12T10:00:00+08:00,10,0.096416,0.2,0.8,0.019283,0.095133,0.06942,0.06942,0.0,0.056208,49.5385,82.4383
2026-04-12T11:00:00+08:00,11,0.150576,0.2,0.8,0.030115,0.138461,0.108415,0.108415,0.0,0.083288,59.0942,97.4181
2026-04-12T12:00:00+08:00,12,0.15844,0.2,0.8,0.031688,0.144752,0.114077,0.114077,0.0,0.08722,60.1189,99.0078
2026-04-12T13:00:00+08:00,13,0.166037,0.2,0.8,0.033207,0.150829,0.119546,0.119546,0.0,0.091018,61.0462,100.4437
2026-04-12T14:00:00+08:00,14,0.172855,0.2,0.8,0.034571,0.156284,0.124455,0.124455,0.0,0.094427,61.8308,101.6565
2026-04-12T15:00:00+08:00,15,0.131549,0.2,0.8,0.02631,0.123239,0.094715,0.094715,0.0,0.073775,56.298,93.0639
2026-04-12T16:00:00+08:00,16,0.104198,0.2,0.8,0.02084,0.101359,0.075023,0.075023,0.0,0.060099,51.2595,85.1572
2026-04-12T17:00:00+08:00,17,0.076422,0.2,0.8,0.015284,0.079138,0.055024,0.055024,0.0,0.046211,44.325,74.1453
2026-04-12T18:00:00+08:00,18,0.024468,0.2,0.8,0.004894,0.037574,0.017617,0.017617,0.0,0.020234,21.3346,36.5239
2026-04-12T19:00:00+08:00,19,0.004244,0.2,0.8,0.000849,0.021396,0.008,0.008,0.0,0.010122,12.049,20.9851
2026-04-12T20:00:00+08:00,20,0.0,0.2,0.8,0.0,0.018,0.008,0.008,0.0,0.008,12.6984,22.2222
2026-04-12T21:00:00+08:00,21,0.0,0.2,0.8,0.0,0.018,0.008,0.008,0.0,0.008,12.6984,22.2222
2026-04-12T22:00:00+08:00,22,0.0,0.2,0.8,0.0,0.018,0.008,0.008,0.0,0.008,12.6984,22.2222
2026-04-12T23:00:00+08:00,23,0.0,0.2,0.8,0.0,0.018,0.008,0.008,0.0,0.008,12.6984,22.2222
2026-04-13T00:00:00+08:00,0,0.0,0.2,0.8,0.0,0.018,0.008,0.008,0.0,0.008,12.6984,22.2222
2026-04-13T01:00:00+08:00,1,0.0,0.2,0.8,0.0,0.018,0.008,0.008,0.0,0.008,12.6984,22.2222
2026-04-13T02:00:00+08:00,2,0.0,0.2,0.8,0.0,0.018,0.008,0.008,0.0,0.008,12.6984,22.2222
2026-04-13T03:00:00+08:00,3,0.0,0.2,0.8,0.0,0.018,0.008,0.008,0.0,0.008,12.6984,22.2222
2026-04-13T04:00:00+08:00,4,0.0,0.2,0.8,0.0,0.018,0.008,0.008,0.0,0.008,12.6984,22.2222
2026-04-13T05:00:00+08:00,5,0.0,0.2,0.8,0.0,0.018,0.008,0.008,0.0,0.008,12.6984,22.2222
2026-04-13T06:00:00+08:00,6,0.0004,0.2,0.8,8e-05,0.01832,0.008,0.008,0.0,0.0082,12.6343,22.0996
2026-04-13T07:00:00+08:00,7,0.007792,0.2,0.8,0.001558,0.024234,0.008,0.008,0.0,0.011896,11.5551,20.0522
2026-04-13T08:00:00+08:00,8,0.036199,0.2,0.8,0.00724,0.046959,0.026063,0.026063,0.0,0.0261,28.3423,48.1768
2026-04-13T09:00:00+08:00,9,0.07438,0.2,0.8,0.014876,0.077504,0.053554,0.053554,0.0,0.04519,43.7159,73.1709
2026-04-13T10:00:00+08:00,10,0.109426,0.2,0.8,0.021885,0.105541,0.078787,0.078787,0.0,0.062713,52.3359,86.8529
2026-04-13T11:00:00+08:00,11,0.148386,0.2,0.8,0.029677,0.136709,0.106838,0.106838,0.0,0.082193,58.7963,96.9554
2026-04-13T12:00:00+08:00,12,0.156325,0.2,0.8,0.031265,0.14306,0.112554,0.112554,0.0,0.086162,59.85,98.591
2026-04-13T13:00:00+08:00,13,0.171207,0.2,0.8,0.034241,0.154965,0.123269,0.123269,0.0,0.093603,61.6451,101.3696
2026-04-13T14:00:00+08:00,14,0.199498,0.2,0.8,0.0399,0.177598,0.143638,0.143638,0.0,0.107749,64.5281,105.8118
2026-04-13T15:00:00+08:00,15,0.135578,0.2,0.8,0.027116,0.126462,0.097616,0.097616,0.0,0.075789,56.9315,94.0525
2026-04-13T16:00:00+08:00,16,0.116207,0.2,0.8,0.023241,0.110966,0.083669,0.083669,0.0,0.066104,53.6459,88.9119
2026-04-13T17:00:00+08:00,17,0.069388,0.2,0.8,0.013878,0.07351,0.049959,0.049959,0.0,0.042694,42.156,70.6698
2026-04-13T18:00:00+08:00,18,0.035095,0.2,0.8,0.007019,0.046076,0.025269,0.025269,0.0,0.025548,27.7445,47.1891
2026-04-13T19:00:00+08:00,19,0.004385,0.2,0.8,0.000877,0.021508,0.008,0.008,0.0,0.010193,12.0286,20.9464
2026-04-13T20:00:00+08:00,20,0.0,0.2,0.8,0.0,0.018,0.008,0.008,0.0,0.008,12.6984,22.2222
2026-04-13T21:00:00+08:00,21,0.0,0.2,0.8,0.0,0.018,0.008,0.008,0.0,0.008,12.6984,22.2222
2026-04-13T22:00:00+08:00,22,0.0,0.2,0.8,0.0,0.018,0.008,0.008,0.0,0.008,12.6984,22.2222
2026-04-13T23:00:00+08:00,23,0.0,0.2,0.8,0.0,0.018,0.008,0.008,0.0,0.008,12.6984,22.2222
2026-04-14T00:00:00+08:00,0,0.0,0.2,0.8,0.0,0.018,0.008,0.008,0.0,0.008,12.6984,22.2222
2026-04-14T01:00:00+08:00,1,0.0,0.2,0.8,0.0,0.018,0.008,0.008,0.0,0.008,12.6984,22.2222
2026-04-14T02:00:00+08:00,2,0.0,0.2,0.8,0.0,0.018,0.008,0.008,0.0,0.008,12.6984,22.2222
2026-04-14T03:00:00+08:00,3,0.0,0.2,0.8,0.0,0.018,0.008,0.008,0.0,0.008,12.6984,22.2222
2026-04-14T04:00:00+08:00,4,0.0,0.2,0.8,0.0,0.018,0.008,0.008,0.0,0.008,12.6984,22.2222
2026-04-14T05:00:00+08:00,5,0.0,0.2,0.8,0.0,0.018,0.008,0.008,0.0,0.008,12.6984,22.2222
2026-04-14T06:00:00+08:00,6,0.000311,0.2,0.8,6.2e-05,0.018249,0.008,0.008,0.0,0.008155,12.6485,22.1268
2026-04-14T07:00:00+08:00,7,0.011078,0.2,0.8,0.002216,0.026862,0.008,0.008,0.0,0.013539,11.1324,19.2591
2026-04-14T08:00:00+08:00,8,0.0428,0.2,0.8,0.00856,0.05224,0.030816,0.030816,0.0,0.0294,31.6906,53.6862
2026-04-14T09:00:00+08:00,9,0.072918,0.2,0.8,0.014584,0.076334,0.052501,0.052501,0.0,0.044459,43.2695,72.4559
2026-04-14T10:00:00+08:00,10,0.107289,0.2,0.8,0.021458,0.103831,0.077248,0.077248,0.0,0.061645,51.9032,86.1717
2026-04-14T11:00:00+08:00,11,0.148426,0.2,0.8,0.029685,0.136741,0.106867,0.106867,0.0,0.082213,58.8018,96.9639
2026-04-14T12:00:00+08:00,12,0.169598,0.2,0.8,0.03392,0.153679,0.122111,0.122111,0.0,0.092799,61.4614,101.0858
2026-04-14T13:00:00+08:00,13,0.209807,0.2,0.8,0.041961,0.185845,0.151061,0.151061,0.0,0.112903,65.4381,107.2088
2026-04-14T14:00:00+08:00,14,0.217185,0.2,0.8,0.043437,0.191748,0.156373,0.156373,0.0,0.116593,66.0505,108.1475
2026-04-14T15:00:00+08:00,15,0.169625,0.2,0.8,0.033925,0.1537,0.12213,0.12213,0.0,0.092812,61.4645,101.0905
2026-04-14T16:00:00+08:00,16,0.137931,0.2,0.8,0.027586,0.128344,0.09931,0.09931,0.0,0.076965,57.2906,94.6122
2026-04-14T17:00:00+08:00,17,0.088343,0.2,0.8,0.017669,0.088674,0.063607,0.063607,0.0,0.052171,47.5834,79.3385
2026-04-14T18:00:00+08:00,18,0.034078,0.2,0.8,0.006816,0.045262,0.024536,0.024536,0.0,0.025039,27.1829,46.2602
2026-04-14T19:00:00+08:00,19,0.004533,0.2,0.8,0.000907,0.021627,0.008,0.008,0.0,0.010267,12.0072,20.9059
2026-04-14T20:00:00+08:00,20,0.0,0.2,0.8,0.0,0.018,0.008,0.008,0.0,0.008,12.6984,22.2222
2026-04-14T21:00:00+08:00,21,0.0,0.2,0.8,0.0,0.018,0.008,0.008,0.0,0.008,12.6984,22.2222
2026-04-14T22:00:00+08:00,22,0.0,0.2,0.8,0.0,0.018,0.008,0.008,0.0,0.008,12.6984,22.2222
2026-04-14T23:00:00+08:00,23,0.0,0.2,0.8,0.0,0.018,0.008,0.008,0.0,0.008,12.6984,22.2222
2026-04-15T00:00:00+08:00,0,0.0,0.2,0.8,0.0,0.018,0.008,0.008,0.0,0.008,12.6984,22.2222
2026-04-15T01:00:00+08:00,1,0.0,0.2,0.8,0.0,0.018,0.008,0.008,0.0,0.008,12.6984,22.2222
2026-04-15T02:00:00+08:00,2,0.0,0.2,0.8,0.0,0.018,0.008,0.008,0.0,0.008,12.6984,22.2222
2026-04-15T03:00:00+08:00,3,0.0,0.2,0.8,0.0,0.018,0.008,0.008,0.0,0.008,12.6984,22.2222
2026-04-15T04:00:00+08:00,4,0.0,0.2,0.8,0.0,0.018,0.008,0.008,0.0,0.008,12.6984,22.2222
2026-04-15T05:00:00+08:00,5,0.0,0.2,0.8,0.0,0.018,0.008,0.008,0.0,0.008,12.6984,22.2222
2026-04-15T06:00:00+08:00,6,0.001097,0.2,0.8,0.000219,0.018878,0.008,0.008,0.0,0.008548,12.524,21.8887
2026-04-15T07:00:00+08:00,7,0.02107,0.2,0.8,0.004214,0.034856,0.01517,0.01517,0.0,0.018535,18.9972,32.5999
2026-04-15T08:00:00+08:00,8,0.075292,0.2,0.8,0.015058,0.078234,0.05421,0.05421,0.0,0.045646,43.9899,73.6093
2026-04-15T09:00:00+08:00,9,0.140943,0.2,0.8,0.028189,0.130754,0.101479,0.101479,0.0,0.078471,57.739,95.3109
2026-04-15T10:00:00+08:00,10,0.143579,0.2,0.8,0.028716,0.132863,0.103377,0.103377,0.0,0.079789,58.1216,95.9062
2026-04-15T11:00:00+08:00,11,0.22791,0.2,0.8,0.045582,0.200328,0.164096,0.164096,0.0,0.121955,66.8881,109.4297
2026-04-15T12:00:00+08:00,12,0.244454,0.2,0.8,0.048891,0.213563,0.176007,0.176007,0.0,0.130227,68.0711,111.237
2026-04-15T13:00:00+08:00,13,0.238907,0.2,0.8,0.047781,0.209125,0.172013,0.172013,0.0,0.127453,67.6882,110.6524
2026-04-15T14:00:00+08:00,14,0.248891,0.2,0.8,0.049778,0.217113,0.179201,0.179201,0.0,0.132445,68.3681,111.6899
2026-04-15T15:00:00+08:00,15,0.202092,0.2,0.8,0.040418,0.179673,0.145506,0.145506,0.0,0.109046,64.7633,106.1732
2026-04-15T16:00:00+08:00,16,0.150499,0.2,0.8,0.0301,0.138399,0.108359,0.108359,0.0,0.08325,59.0838,97.402
2026-04-15T17:00:00+08:00,17,0.097461,0.2,0.8,0.019492,0.095969,0.070172,0.070172,0.0,0.056731,49.7784,82.8179
2026-04-15T18:00:00+08:00,18,0.028019,0.2,0.8,0.005604,0.040415,0.020174,0.020174,0.0,0.02201,23.6185,40.3399
2026-04-15T19:00:00+08:00,19,0.004686,0.2,0.8,0.000937,0.021749,0.008,0.008,0.0,0.010343,11.9853,20.8643
2026-04-15T20:00:00+08:00,20,0.0,0.2,0.8,0.0,0.018,0.008,0.008,0.0,0.008,12.6984,22.2222
2026-04-15T21:00:00+08:00,21,0.0,0.2,0.8,0.0,0.018,0.008,0.008,0.0,0.008,12.6984,22.2222
2026-04-15T22:00:00+08:00,22,0.0,0.2,0.8,0.0,0.018,0.008,0.008,0.0,0.008,12.6984,22.2222
2026-04-15T23:00:00+08:00,23,0.0,0.2,0.8,0.0,0.018,0.008,0.008,0.0,0.008,12.6984,22.2222
2026-04-16T00:00:00+08:00,0,0.0,0.2,0.8,0.0,0.018,0.008,0.008,0.0,0.008,12.6984,22.2222
2026-04-16T01:00:00+08:00,1,0.0,0.2,0.8,0.0,0.018,0.008,0.008,0.0,0.008,12.6984,22.2222
2026-04-16T02:00:00+08:00,2,0.0,0.2,0.8,0.0,0.018,0.008,0.008,0.0,0.008,12.6984,22.2222
2026-04-16T03:00:00+08:00,3,0.0,0.2,0.8,0.0,0.018,0.008,0.008,0.0,0.008,12.6984,22.2222
2026-04-16T04:00:00+08:00,4,0.0,0.2,0.8,0.0,0.018,0.008,0.008,0.0,0.008,12.6984,22.2222
2026-04-16T05:00:00+08:00,5,0.0,0.2,0.8,0.0,0.018,0.008,0.008,0.0,0.008,12.6984,22.2222
2026-04-16T06:00:00+08:00,6,0.001017,0.2,0.8,0.000203,0.018814,0.008,0.008,0.0,0.008509,12.5365,21.9126
2026-04-16T07:00:00+08:00,7,0.013421,0.2,0.8,0.002684,0.028737,0.009663,0.009663,0.0,0.014711,13.105,22.625
2026-04-16T08:00:00+08:00,8,0.050609,0.2,0.8,0.010122,0.058487,0.036439,0.036439,0.0,0.033305,35.2107,59.4386
2026-04-16T09:00:00+08:00,9,0.113662,0.2,0.8,0.022732,0.108929,0.081836,0.081836,0.0,0.064831,53.1649,88.1565
2026-04-16T10:00:00+08:00,10,0.160236,0.2,0.8,0.032047,0.146189,0.11537,0.11537,0.0,0.088118,60.3435,99.3558
2026-04-16T11:00:00+08:00,11,0.194165,0.2,0.8,0.038833,0.173332,0.139798,0.139798,0.0,0.105082,64.0303,105.0467
2026-04-16T12:00:00+08:00,12,0.151625,0.2,0.8,0.030325,0.1393,0.10917,0.10917,0.0,0.083812,59.2349,97.6366
2026-04-16T13:00:00+08:00,13,0.154854,0.2,0.8,0.030971,0.141883,0.111495,0.111495,0.0,0.085427,59.6602,98.2966
2026-04-16T14:00:00+08:00,14,0.126345,0.2,0.8,0.025269,0.119076,0.090968,0.090968,0.0,0.071173,55.4429,91.7275
2026-04-16T15:00:00+08:00,15,0.096108,0.2,0.8,0.019222,0.094886,0.069197,0.069197,0.0,0.056054,49.467,82.3252
2026-04-16T16:00:00+08:00,16,0.077412,0.2,0.8,0.015482,0.07993,0.055737,0.055737,0.0,0.046706,44.6145,74.608
2026-04-16T17:00:00+08:00,17,0.058759,0.2,0.8,0.011752,0.065007,0.042306,0.042306,0.0,0.037379,38.4579,64.709
2026-04-16T18:00:00+08:00,18,0.026184,0.2,0.8,0.005237,0.038947,0.018852,0.018852,0.0,0.021092,22.4572,38.4018
2026-04-16T19:00:00+08:00,19,0.00466,0.2,0.8,0.000932,0.021728,0.008,0.008,0.0,0.01033,11.989,20.8714
2026-04-16T20:00:00+08:00,20,0.0,0.2,0.8,0.0,0.018,0.008,0.008,0.0,0.008,12.6984,22.2222
2026-04-16T21:00:00+08:00,21,0.0,0.2,0.8,0.0,0.018,0.008,0.008,0.0,0.008,12.6984,22.2222
2026-04-16T22:00:00+08:00,22,0.0,0.2,0.8,0.0,0.018,0.008,0.008,0.0,0.008,12.6984,22.2222
2026-04-16T23:00:00+08:00,23,0.0,0.2,0.8,0.0,0.018,0.008,0.008,0.0,0.008,12.6984,22.2222
2026-04-17T00:00:00+08:00,0,0.0,0.2,0.8,0.0,0.018,0.008,0.008,0.0,0.008,12.6984,22.2222
2026-04-17T01:00:00+08:00,1,0.0,0.2,0.8,0.0,0.018,0.008,0.008,0.0,0.008,12.6984,22.2222
2026-04-17T02:00:00+08:00,2,0.0,0.2,0.8,0.0,0.018,0.008,0.008,0.0,0.008,12.6984,22.2222
2026-04-17T03:00:00+08:00,3,0.0,0.2,0.8,0.0,0.018,0.008,0.008,0.0,0.008,12.6984,22.2222
2026-04-17T04:00:00+08:00,4,0.0,0.2,0.8,0.0,0.018,0.008,0.008,0.0,0.008,12.6984,22.2222
2026-04-17T05:00:00+08:00,5,0.0,0.2,0.8,0.0,0.018,0.008,0.008,0.0,0.008,12.6984,22.2222
2026-04-17T06:00:00+08:00,6,0.001144,0.2,0.8,0.000229,0.018915,0.008,0.008,0.0,0.008572,12.5166,21.8746
2026-04-17T07:00:00+08:00,7,0.01572,0.2,0.8,0.003144,0.030576,0.011319,0.011319,0.0,0.01586,14.9764,25.8061
2026-04-17T08:00:00+08:00,8,0.051473,0.2,0.8,0.010295,0.059179,0.037061,0.037061,0.0,0.033737,35.5743,60.0304
2026-04-17T09:00:00+08:00,9,0.097923,0.2,0.8,0.019585,0.096338,0.070505,0.070505,0.0,0.056961,49.8835,82.9841
2026-04-17T10:00:00+08:00,10,0.118851,0.2,0.8,0.02377,0.113081,0.085573,0.085573,0.0,0.067426,54.1323,89.675
2026-04-17T11:00:00+08:00,11,0.183307,0.2,0.8,0.036661,0.164646,0.131981,0.131981,0.0,0.099654,62.9544,103.3901
2026-04-17T12:00:00+08:00,12,0.217932,0.2,0.8,0.043586,0.192345,0.156911,0.156911,0.0,0.116966,66.1108,108.2399
2026-04-17T13:00:00+08:00,13,0.191724,0.2,0.8,0.038345,0.171379,0.138041,0.138041,0.0,0.103862,63.796,104.6862
2026-04-17T14:00:00+08:00,14,0.240344,0.2,0.8,0.048069,0.210275,0.173048,0.173048,0.0,0.128172,67.7887,110.8058
2026-04-17T15:00:00+08:00,15,0.194491,0.2,0.8,0.038898,0.173593,0.140033,0.140033,0.0,0.105245,64.0613,105.0943
2026-04-17T16:00:00+08:00,16,0.152129,0.2,0.8,0.030426,0.139703,0.109533,0.109533,0.0,0.084064,59.302,97.7408
2026-04-17T17:00:00+08:00,17,0.101869,0.2,0.8,0.020374,0.099495,0.073346,0.073346,0.0,0.058935,50.76,84.3689
2026-04-17T18:00:00+08:00,18,0.039573,0.2,0.8,0.007915,0.049658,0.028493,0.028493,0.0,0.027787,30.1005,51.0744
2026-04-17T19:00:00+08:00,19,0.005006,0.2,0.8,0.001001,0.022005,0.008,0.008,0.0,0.010503,11.9394,20.7775
2026-04-17T20:00:00+08:00,20,0.0,0.2,0.8,0.0,0.018,0.008,0.008,0.0,0.008,12.6984,22.2222
2026-04-17T21:00:00+08:00,21,0.0,0.2,0.8,0.0,0.018,0.008,0.008,0.0,0.008,12.6984,22.2222
2026-04-17T22:00:00+08:00,22,0.0,0.2,0.8,0.0,0.018,0.008,0.008,0.0,0.008,12.6984,22.2222
2026-04-17T23:00:00+08:00,23,0.0,0.2,0.8,0.0,0.018,0.008,0.008,0.0,0.008,12.6984,22.2222
2026-04-18T00:00:00+08:00,0,0.0,0.2,0.8,0.0,0.018,0.008,0.008,0.0,0.008,12.6984,22.2222
2026-04-18T01:00:00+08:00,1,0.0,0.2,0.8,0.0,0.018,0.008,0.008,0.0,0.008,12.6984,22.2222
2026-04-18T02:00:00+08:00,2,0.0,0.2,0.8,0.0,0.018,0.008,0.008,0.0,0.008,12.6984,22.2222
2026-04-18T03:00:00+08:00,3,0.0,0.2,0.8,0.0,0.018,0.008,0.008,0.0,0.008,12.6984,22.2222
2026-04-18T04:00:00+08:00,4,0.0,0.2,0.8,0.0,0.018,0.008,0.008,0.0,0.008,12.6984,22.2222
2026-04-18T05:00:00+08:00,5,0.0,0.2,0.8,0.0,0.018,0.008,0.008,0.0,0.008,12.6984,22.2222
2026-04-18T06:00:00+08:00,6,0.000922,0.2,0.8,0.000184,0.018738,0.008,0.008,0.0,0.008461,12.5514,21.9411
2026-04-18T07:00:00+08:00,7,0.014989,0.2,0.8,0.002998,0.029991,0.010792,0.010792,0.0,0.015495,14.3913,24.8128
2026-04-18T08:00:00+08:00,8,0.0477,0.2,0.8,0.00954,0.05616,0.034344,0.034344,0.0,0.03185,33.9502,57.3834
2026-04-18T09:00:00+08:00,9,0.09904,0.2,0.8,0.019808,0.097232,0.071309,0.071309,0.0,0.05752,50.1356,83.3826
2026-04-18T10:00:00+08:00,10,0.166923,0.2,0.8,0.033385,0.151538,0.120184,0.120184,0.0,0.091461,61.1506,100.6052
2026-04-18T11:00:00+08:00,11,0.222628,0.2,0.8,0.044526,0.196102,0.160292,0.160292,0.0,0.119314,66.483,108.8098
2026-04-18T12:00:00+08:00,12,0.23855,0.2,0.8,0.04771,0.20884,0.171756,0.171756,0.0,0.127275,67.6631,110.6141
2026-04-18T13:00:00+08:00,13,0.24921,0.2,0.8,0.049842,0.217368,0.179431,0.179431,0.0,0.132605,68.3891,111.722
2026-04-18T14:00:00+08:00,14,0.284433,0.2,0.8,0.056887,0.245546,0.204792,0.204792,0.0,0.150217,70.485,114.9118
2026-04-18T15:00:00+08:00,15,0.20603,0.2,0.8,0.041206,0.182824,0.148341,0.148341,0.0,0.111015,65.1123,106.709
2026-04-18T16:00:00+08:00,16,0.179888,0.2,0.8,0.035978,0.16191,0.129519,0.129519,0.0,0.097944,62.5968,102.8389
2026-04-18T17:00:00+08:00,17,0.116682,0.2,0.8,0.023336,0.111346,0.084011,0.084011,0.0,0.066341,53.7342,89.0504
2026-04-18T18:00:00+08:00,18,0.036318,0.2,0.8,0.007264,0.047054,0.026149,0.026149,0.0,0.026159,28.4058,48.2815
2026-04-18T19:00:00+08:00,19,0.005122,0.2,0.8,0.001024,0.022098,0.008,0.008,0.0,0.010561,11.9229,20.7463
2026-04-18T20:00:00+08:00,20,0.0,0.2,0.8,0.0,0.018,0.008,0.008,0.0,0.008,12.6984,22.2222
2026-04-18T21:00:00+08:00,21,0.0,0.2,0.8,0.0,0.018,0.008,0.008,0.0,0.008,12.6984,22.2222
2026-04-18T22:00:00+08:00,22,0.0,0.2,0.8,0.0,0.018,0.008,0.008,0.0,0.008,12.6984,22.2222
2026-04-18T23:00:00+08:00,23,0.0,0.2,0.8,0.0,0.018,0.008,0.008,0.0,0.008,12.6984,22.2222
2026-04-19T00:00:00+08:00,0,0.0,0.2,0.8,0.0,0.018,0.008,0.008,0.0,0.008,12.6984,22.2222
2026-04-19T01:00:00+08:00,1,0.0,0.2,0.8,0.0,0.018,0.008,0.008,0.0,0.008,12.6984,22.2222
2026-04-19T02:00:00+08:00,2,0.0,0.2,0.8,0.0,0.018,0.008,0.008,0.0,0.008,12.6984,22.2222
2026-04-19T03:00:00+08:00,3,0.0,0.2,0.8,0.0,0.018,0.008,0.008,0.0,0.008,12.6984,22.2222
2026-04-19T04:00:00+08:00,4,0.0,0.2,0.8,0.0,0.018,0.008,0.008,0.0,0.008,12.6984,22.2222
2026-04-19T05:00:00+08:00,5,0.0,0.2,0.8,0.0,0.018,0.008,0.008,0.0,0.008,12.6984,22.2222
2026-04-19T06:00:00+08:00,6,0.001849,0.2,0.8,0.00037,0.019479,0.008,0.008,0.0,0.008924,12.4072,21.666
2026-04-19T07:00:00+08:00,7,0.024701,0.2,0.8,0.00494,0.037761,0.017785,0.017785,0.0,0.020351,21.4894,36.7831
2026-04-19T08:00:00+08:00,8,0.080203,0.2,0.8,0.016041,0.082163,0.057746,0.057746,0.0,0.048102,45.4114,75.8805
2026-04-19T09:00:00+08:00,9,0.149471,0.2,0.8,0.029894,0.137577,0.107619,0.107619,0.0,0.082736,58.9446,97.1858
2026-04-19T10:00:00+08:00,10,0.220875,0.2,0.8,0.044175,0.1947,0.15903,0.15903,0.0,0.118438,66.3454,108.5992
2026-04-19T11:00:00+08:00,11,0.265929,0.2,0.8,0.053186,0.230744,0.191469,0.191469,0.0,0.140965,69.4374,113.319
2026-04-19T12:00:00+08:00,12,0.267074,0.2,0.8,0.053415,0.231659,0.192293,0.192293,0.0,0.141537,69.5055,113.4226
2026-04-19T13:00:00+08:00,13,0.225498,0.2,0.8,0.0451,0.198398,0.162358,0.162358,0.0,0.120749,66.7048,109.1493
2026-04-19T14:00:00+08:00,14,0.215936,0.2,0.8,0.043187,0.190749,0.155474,0.155474,0.0,0.115968,65.949,107.992
2026-04-19T15:00:00+08:00,15,0.18793,0.2,0.8,0.037586,0.168344,0.135309,0.135309,0.0,0.101965,63.4232,104.1123
2026-04-19T16:00:00+08:00,16,0.129729,0.2,0.8,0.025946,0.121783,0.093405,0.093405,0.0,0.072864,56.0037,92.6042
2026-04-19T17:00:00+08:00,17,0.09399,0.2,0.8,0.018798,0.093192,0.067673,0.067673,0.0,0.054995,48.9702,81.5385
2026-04-19T18:00:00+08:00,18,0.029544,0.2,0.8,0.005909,0.041635,0.021271,0.021271,0.0,0.022772,24.553,41.8962
2026-04-19T19:00:00+08:00,19,0.003138,0.2,0.8,0.000628,0.02051,0.008,0.008,0.0,0.009569,12.2118,21.2942
2026-04-19T20:00:00+08:00,20,0.0,0.2,0.8,0.0,0.018,0.008,0.008,0.0,0.008,12.6984,22.2222
2026-04-19T21:00:00+08:00,21,0.0,0.2,0.8,0.0,0.018,0.008,0.008,0.0,0.008,12.6984,22.2222
2026-04-19T22:00:00+08:00,22,0.0,0.2,0.8,0.0,0.018,0.008,0.008,0.0,0.008,12.6984,22.2222
2026-04-19T23:00:00+08:00,23,0.0,0.2,0.8,0.0,0.018,0.008,0.008,0.0,0.008,12.6984,22.2222
2026-04-20T00:00:00+08:00,0,0.0,0.2,0.8,0.0,0.018,0.008,0.008,0.0,0.008,12.6984,22.2222
2026-04-20T01:00:00+08:00,1,0.0,0.2,0.8,0.0,0.018,0.008,0.008,0.0,0.008,12.6984,22.2222
2026-04-20T02:00:00+08:00,2,0.0,0.2,0.8,0.0,0.018,0.008,0.008,0.0,0.008,12.6984,22.2222
2026-04-20T03:00:00+08:00,3,0.0,0.2,0.8,0.0,0.018,0.008,0.008,0.0,0.008,12.6984,22.2222
2026-04-20T04:00:00+08:00,4,0.0,0.2,0.8,0.0,0.018,0.008,0.008,0.0,0.008,12.6984,22.2222
2026-04-20T05:00:00+08:00,5,0.0,0.2,0.8,0.0,0.018,0.008,0.008,0.0,0.008,12.6984,22.2222
2026-04-20T06:00:00+08:00,6,0.001755,0.2,0.8,0.000351,0.019404,0.008,0.008,0.0,0.008878,12.4216,21.6934
2026-04-20T07:00:00+08:00,7,0.021496,0.2,0.8,0.004299,0.035197,0.015477,0.015477,0.0,0.018748,19.2992,33.108
2026-04-20T08:00:00+08:00,8,0.078393,0.2,0.8,0.015679,0.080714,0.056443,0.056443,0.0,0.047196,44.8977,75.0605
2026-04-20T09:00:00+08:00,9,0.123683,0.2,0.8,0.024737,0.116946,0.089052,0.089052,0.0,0.069841,54.9884,91.0163
2026-04-20T10:00:00+08:00,10,0.171257,0.2,0.8,0.034251,0.155005,0.123305,0.123305,0.0,0.093628,61.6507,101.3783
2026-04-20T11:00:00+08:00,11,0.205512,0.2,0.8,0.041102,0.182409,0.147968,0.147968,0.0,0.110756,65.067,106.6394
2026-04-20T12:00:00+08:00,12,0.265638,0.2,0.8,0.053128,0.23051,0.191259,0.191259,0.0,0.140819,69.42,113.2925
2026-04-20T13:00:00+08:00,13,0.262059,0.2,0.8,0.052412,0.227647,0.188683,0.188683,0.0,0.13903,69.2039,112.9636
2026-04-20T14:00:00+08:00,14,0.239834,0.2,0.8,0.047967,0.209867,0.17268,0.17268,0.0,0.127917,67.7531,110.7515
2026-04-20T15:00:00+08:00,15,0.188003,0.2,0.8,0.037601,0.168402,0.135362,0.135362,0.0,0.102001,63.4304,104.1235
2026-04-20T16:00:00+08:00,16,0.152775,0.2,0.8,0.030555,0.14022,0.109998,0.109998,0.0,0.084388,59.3878,97.874
2026-04-20T17:00:00+08:00,17,0.106378,0.2,0.8,0.021276,0.103102,0.076592,0.076592,0.0,0.061189,51.7156,85.8762
2026-04-20T18:00:00+08:00,18,0.037411,0.2,0.8,0.007482,0.047929,0.026936,0.026936,0.0,0.026706,28.9857,49.2383
2026-04-20T19:00:00+08:00,19,0.005522,0.2,0.8,0.001104,0.022417,0.008,0.008,0.0,0.010761,11.8664,20.6394
2026-04-20T20:00:00+08:00,20,0.0,0.2,0.8,0.0,0.018,0.008,0.008,0.0,0.008,12.6984,22.2222
2026-04-20T21:00:00+08:00,21,0.0,0.2,0.8,0.0,0.018,0.008,0.008,0.0,0.008,12.6984,22.2222
2026-04-20T22:00:00+08:00,22,0.0,0.2,0.8,0.0,0.018,0.008,0.008,0.0,0.008,12.6984,22.2222
2026-04-20T23:00:00+08:00,23,0.0,0.2,0.8,0.0,0.018,0.008,0.008,0.0,0.008,12.6984,22.2222
2026-04-21T00:00:00+08:00,0,0.0,0.2,0.8,0.0,0.018,0.008,0.008,0.0,0.008,12.6984,22.2222
2026-04-21T01:00:00+08:00,1,0.0,0.2,0.8,0.0,0.018,0.008,0.008,0.0,0.008,12.6984,22.2222
2026-04-21T02:00:00+08:00,2,0.0,0.2,0.8,0.0,0.018,0.008,0.008,0.0,0.008,12.6984,22.2222
2026-04-21T03:00:00+08:00,3,0.0,0.2,0.8,0.0,0.018,0.008,0.008,0.0,0.008,12.6984,22.2222
2026-04-21T04:00:00+08:00,4,0.0,0.2,0.8,0.0,0.018,0.008,0.008,0.0,0.008,12.6984,22.2222
2026-04-21T05:00:00+08:00,5,0.0,0.2,0.8,0.0,0.018,0.008,0.008,0.0,0.008,12.6984,22.2222
2026-04-21T06:00:00+08:00,6,0.001315,0.2,0.8,0.000263,0.019052,0.008,0.008,0.0,0.008657,12.4899,21.8237
2026-04-21T07:00:00+08:00,7,0.014587,0.2,0.8,0.002917,0.029669,0.010502,0.010502,0.0,0.015293,14.0653,24.2588
2026-04-21T08:00:00+08:00,8,0.043382,0.2,0.8,0.008676,0.052706,0.031235,0.031235,0.0,0.029691,31.9685,54.1419
2026-04-21T09:00:00+08:00,9,0.080528,0.2,0.8,0.016106,0.082422,0.05798,0.05798,0.0,0.048264,45.5023,76.0255
2026-04-21T10:00:00+08:00,10,0.140415,0.2,0.8,0.028083,0.130332,0.101099,0.101099,0.0,0.078208,57.6614,95.1899
2026-04-21T11:00:00+08:00,11,0.153351,0.2,0.8,0.03067,0.140681,0.110413,0.110413,0.0,0.084676,59.4638,97.9919
2026-04-21T12:00:00+08:00,12,0.200808,0.2,0.8,0.040162,0.178646,0.144581,0.144581,0.0,0.108404,64.6474,105.9952
2026-04-21T13:00:00+08:00,13,0.195535,0.2,0.8,0.039107,0.174428,0.140785,0.140785,0.0,0.105767,64.1601,105.2462
2026-04-21T14:00:00+08:00,14,0.159326,0.2,0.8,0.031865,0.145461,0.114715,0.114715,0.0,0.087663,60.2301,99.1801
2026-04-21T15:00:00+08:00,15,0.133281,0.2,0.8,0.026656,0.124625,0.095962,0.095962,0.0,0.07464,56.5733,93.4936
2026-04-21T16:00:00+08:00,16,0.110579,0.2,0.8,0.022116,0.106463,0.079617,0.079617,0.0,0.063289,52.5651,87.2135
2026-04-21T17:00:00+08:00,17,0.066144,0.2,0.8,0.013229,0.070915,0.047624,0.047624,0.0,0.041072,41.0848,68.9477
2026-04-21T18:00:00+08:00,18,0.032194,0.2,0.8,0.006439,0.043756,0.02318,0.02318,0.0,0.024097,26.1166,44.4937
2026-04-21T19:00:00+08:00,19,0.00484,0.2,0.8,0.000968,0.021872,0.008,0.008,0.0,0.01042,11.9632,20.8226
2026-04-21T20:00:00+08:00,20,0.0,0.2,0.8,0.0,0.018,0.008,0.008,0.0,0.008,12.6984,22.2222
2026-04-21T21:00:00+08:00,21,0.0,0.2,0.8,0.0,0.018,0.008,0.008,0.0,0.008,12.6984,22.2222
2026-04-21T22:00:00+08:00,22,0.0,0.2,0.8,0.0,0.018,0.008,0.008,0.0,0.008,12.6984,22.2222
2026-04-21T23:00:00+08:00,23,0.0,0.2,0.8,0.0,0.018,0.008,0.008,0.0,0.008,12.6984,22.2222
2026-04-22T00:00:00+08:00,0,0.0,0.2,0.8,0.0,0.018,0.008,0.008,0.0,0.008,12.6984,22.2222
2026-04-22T01:00:00+08:00,1,0.0,0.2,0.8,0.0,0.018,0.008,0.008,0.0,0.008,12.6984,22.2222
2026-04-22T02:00:00+08:00,2,0.0,0.2,0.8,0.0,0.018,0.008,0.008,0.0,0.008,12.6984,22.2222
2026-04-22T03:00:00+08:00,3,0.0,0.2,0.8,0.0,0.018,0.008,0.008,0.0,0.008,12.6984,22.2222
2026-04-22T04:00:00+08:00,4,0.0,0.2,0.8,0.0,0.018,0.008,0.008,0.0,0.008,12.6984,22.2222
2026-04-22T05:00:00+08:00,5,0.0,0.2,0.8,0.0,0.018,0.008,0.008,0.0,0.008,12.6984,22.2222
2026-04-22T06:00:00+08:00,6,0.000921,0.2,0.8,0.000184,0.018737,0.008,0.008,0.0,0.00846,12.5516,21.9416
2026-04-22T07:00:00+08:00,7,0.014374,0.2,0.8,0.002875,0.029499,0.010349,0.010349,0.0,0.015187,13.892,23.9642
2026-04-22T08:00:00+08:00,8,0.041883,0.2,0.8,0.008377,0.051506,0.030156,0.030156,0.0,0.028942,31.2475,52.9593
2026-04-22T09:00:00+08:00,9,0.091741,0.2,0.8,0.018348,0.091393,0.066054,0.066054,0.0,0.053871,48.4289,80.6806
2026-04-22T10:00:00+08:00,10,0.130345,0.2,0.8,0.026069,0.122276,0.093848,0.093848,0.0,0.073173,56.1039,92.7608
2026-04-22T11:00:00+08:00,11,0.149484,0.2,0.8,0.029897,0.137587,0.107628,0.107628,0.0,0.082742,58.9463,97.1885
2026-04-22T12:00:00+08:00,12,0.172986,0.2,0.8,0.034597,0.156389,0.12455,0.12455,0.0,0.094493,61.8455,101.6792
2026-04-22T13:00:00+08:00,13,0.157055,0.2,0.8,0.031411,0.143644,0.11308,0.11308,0.0,0.086528,59.9434,98.7358
2026-04-22T14:00:00+08:00,14,0.175201,0.2,0.8,0.03504,0.158161,0.126145,0.126145,0.0,0.095601,62.0911,102.0585
2026-04-22T15:00:00+08:00,15,0.141826,0.2,0.8,0.028365,0.131461,0.102115,0.102115,0.0,0.078913,57.8682,95.5119
2026-04-22T16:00:00+08:00,16,0.105238,0.2,0.8,0.021048,0.102191,0.075772,0.075772,0.0,0.060619,51.4786,85.5025
2026-04-22T17:00:00+08:00,17,0.067083,0.2,0.8,0.013417,0.071666,0.0483,0.0483,0.0,0.041541,41.3999,69.4546
2026-04-22T18:00:00+08:00,18,0.023971,0.2,0.8,0.004794,0.037177,0.017259,0.017259,0.0,0.019985,21.0022,35.9669
2026-04-22T19:00:00+08:00,19,0.002961,0.2,0.8,0.000592,0.020369,0.008,0.008,0.0,0.00948,12.2383,21.3445
2026-04-22T20:00:00+08:00,20,0.0,0.2,0.8,0.0,0.018,0.008,0.008,0.0,0.008,12.6984,22.2222
2026-04-22T21:00:00+08:00,21,0.0,0.2,0.8,0.0,0.018,0.008,0.008,0.0,0.008,12.6984,22.2222
2026-04-22T22:00:00+08:00,22,0.0,0.2,0.8,0.0,0.018,0.008,0.008,0.0,0.008,12.6984,22.2222
2026-04-22T23:00:00+08:00,23,0.0,0.2,0.8,0.0,0.018,0.008,0.008,0.0,0.008,12.6984,22.2222
2026-04-23T00:00:00+08:00,0,0.0,0.2,0.8,0.0,0.018,0.008,0.008,0.0,0.008,12.6984,22.2222
2026-04-23T01:00:00+08:00,1,0.0,0.2,0.8,0.0,0.018,0.008,0.008,0.0,0.008,12.6984,22.2222
2026-04-23T02:00:00+08:00,2,0.0,0.2,0.8,0.0,0.018,0.008,0.008,0.0,0.008,12.6984,22.2222
2026-04-23T03:00:00+08:00,3,0.0,0.2,0.8,0.0,0.018,0.008,0.008,0.0,0.008,12.6984,22.2222
2026-04-23T04:00:00+08:00,4,0.0,0.2,0.8,0.0,0.018,0.008,0.008,0.0,0.008,12.6984,22.2222
2026-04-23T05:00:00+08:00,5,0.0,0.2,0.8,0.0,0.018,0.008,0.008,0.0,0.008,12.6984,22.2222
2026-04-23T06:00:00+08:00,6,0.001281,0.2,0.8,0.000256,0.019025,0.008,0.008,0.0,0.008641,12.4951,21.8336
2026-04-23T07:00:00+08:00,7,0.016428,0.2,0.8,0.003286,0.031142,0.011828,0.011828,0.0,0.016214,15.5343,26.7521
2026-04-23T08:00:00+08:00,8,0.058237,0.2,0.8,0.011647,0.06459,0.041931,0.041931,0.0,0.037119,38.2616,64.3914
2026-04-23T09:00:00+08:00,9,0.091935,0.2,0.8,0.018387,0.091548,0.066194,0.066194,0.0,0.053968,48.4762,80.7556
2026-04-23T10:00:00+08:00,10,0.121969,0.2,0.8,0.024394,0.115576,0.087818,0.087818,0.0,0.068985,54.6895,90.5483
2026-04-23T11:00:00+08:00,11,0.16727,0.2,0.8,0.033454,0.151816,0.120434,0.120434,0.0,0.091635,61.1914,100.6682
2026-04-23T12:00:00+08:00,12,0.170855,0.2,0.8,0.034171,0.154684,0.123016,0.123016,0.0,0.093428,61.6051,101.3079
2026-04-23T13:00:00+08:00,13,0.195729,0.2,0.8,0.039146,0.174583,0.140925,0.140925,0.0,0.105865,64.1784,105.2743
2026-04-23T14:00:00+08:00,14,0.179333,0.2,0.8,0.035867,0.161466,0.129119,0.129119,0.0,0.097666,62.5379,102.7479
2026-04-23T15:00:00+08:00,15,0.149977,0.2,0.8,0.029995,0.137982,0.107984,0.107984,0.0,0.082989,59.0133,97.2925
2026-04-23T16:00:00+08:00,16,0.113724,0.2,0.8,0.022745,0.108979,0.081881,0.081881,0.0,0.064862,53.1768,88.1752
2026-04-23T17:00:00+08:00,17,0.082895,0.2,0.8,0.016579,0.084316,0.059684,0.059684,0.0,0.049447,46.1539,77.0642
2026-04-23T18:00:00+08:00,18,0.031898,0.2,0.8,0.00638,0.043519,0.022967,0.022967,0.0,0.023949,25.9457,44.21
2026-04-23T19:00:00+08:00,19,0.004485,0.2,0.8,0.000897,0.021588,0.008,0.008,0.0,0.010242,12.0142,20.9192
2026-04-23T20:00:00+08:00,20,0.0,0.2,0.8,0.0,0.018,0.008,0.008,0.0,0.008,12.6984,22.2222
2026-04-23T21:00:00+08:00,21,0.0,0.2,0.8,0.0,0.018,0.008,0.008,0.0,0.008,12.6984,22.2222
2026-04-23T22:00:00+08:00,22,0.0,0.2,0.8,0.0,0.018,0.008,0.008,0.0,0.008,12.6984,22.2222
2026-04-23T23:00:00+08:00,23,0.0,0.2,0.8,0.0,0.018,0.008,0.008,0.0,0.008,12.6984,22.2222
2026-04-24T00:00:00+08:00,0,0.0,0.2,0.8,0.0,0.018,0.008,0.008,0.0,0.008,12.6984,22.2222
2026-04-24T01:00:00+08:00,1,0.0,0.2,0.8,0.0,0.018,0.008,0.008,0.0,0.008,12.6984,22.2222
2026-04-24T02:00:00+08:00,2,0.0,0.2,0.8,0.0,0.018,0.008,0.008,0.0,0.008,12.6984,22.2222
2026-04-24T03:00:00+08:00,3,0.0,0.2,0.8,0.0,0.018,0.008,0.008,0.0,0.008,12.6984,22.2222
2026-04-24T04:00:00+08:00,4,0.0,0.2,0.8,0.0,0.018,0.008,0.008,0.0,0.008,12.6984,22.2222
2026-04-24T05:00:00+08:00,5,0.0,0.2,0.8,0.0,0.018,0.008,0.008,0.0,0.008,12.6984,22.2222
2026-04-24T06:00:00+08:00,6,0.002659,0.2,0.8,0.000532,0.020127,0.008,0.008,0.0,0.00933,12.2836,21.4307
2026-04-24T07:00:00+08:00,7,0.027012,0.2,0.8,0.005402,0.039609,0.019448,0.019448,0.0,0.021506,22.9862,39.2851
2026-04-24T08:00:00+08:00,8,0.064199,0.2,0.8,0.01284,0.06936,0.046224,0.046224,0.0,0.0401,40.4195,67.8763
2026-04-24T09:00:00+08:00,9,0.139144,0.2,0.8,0.027829,0.129315,0.100184,0.100184,0.0,0.077572,57.4728,94.8961
2026-04-24T10:00:00+08:00,10,0.203771,0.2,0.8,0.040754,0.181017,0.146715,0.146715,0.0,0.109886,64.9134,106.4037
2026-04-24T11:00:00+08:00,11,0.234744,0.2,0.8,0.046949,0.205795,0.169016,0.169016,0.0,0.125372,67.3919,110.1998
2026-04-24T12:00:00+08:00,12,0.264387,0.2,0.8,0.052877,0.22951,0.190359,0.190359,0.0,0.140194,69.345,113.1784
2026-04-24T13:00:00+08:00,13,0.25944,0.2,0.8,0.051888,0.225552,0.186797,0.186797,0.0,0.13772,69.0429,112.7183
2026-04-24T14:00:00+08:00,14,0.218799,0.2,0.8,0.04376,0.193039,0.157535,0.157535,0.0,0.1174,66.1804,108.3465
2026-04-24T15:00:00+08:00,15,0.204071,0.2,0.8,0.040814,0.181257,0.146931,0.146931,0.0,0.110036,64.94,106.4445
2026-04-24T16:00:00+08:00,16,0.12047,0.2,0.8,0.024094,0.114376,0.086738,0.086738,0.0,0.068235,54.4237,90.1318
2026-04-24T17:00:00+08:00,17,0.077462,0.2,0.8,0.015492,0.07997,0.055773,0.055773,0.0,0.046731,44.6291,74.6314
2026-04-24T18:00:00+08:00,18,0.035885,0.2,0.8,0.007177,0.046708,0.025837,0.025837,0.0,0.025942,28.1732,47.8975
2026-04-24T19:00:00+08:00,19,0.005598,0.2,0.8,0.00112,0.022479,0.008,0.008,0.0,0.010799,11.8556,20.619
2026-04-24T20:00:00+08:00,20,0.0,0.2,0.8,0.0,0.018,0.008,0.008,0.0,0.008,12.6984,22.2222
2026-04-24T21:00:00+08:00,21,0.0,0.2,0.8,0.0,0.018,0.008,0.008,0.0,0.008,12.6984,22.2222
2026-04-24T22:00:00+08:00,22,0.0,0.2,0.8,0.0,0.018,0.008,0.008,0.0,0.008,12.6984,22.2222
2026-04-24T23:00:00+08:00,23,0.0,0.2,0.8,0.0,0.018,0.008,0.008,0.0,0.008,12.6984,22.2222
2026-04-25T00:00:00+08:00,0,0.0,0.2,0.8,0.0,0.018,0.008,0.008,0.0,0.008,12.6984,22.2222
2026-04-25T01:00:00+08:00,1,0.0,0.2,0.8,0.0,0.018,0.008,0.008,0.0,0.008,12.6984,22.2222
2026-04-25T02:00:00+08:00,2,0.0,0.2,0.8,0.0,0.018,0.008,0.008,0.0,0.008,12.6984,22.2222
2026-04-25T03:00:00+08:00,3,0.0,0.2,0.8,0.0,0.018,0.008,0.008,0.0,0.008,12.6984,22.2222
2026-04-25T04:00:00+08:00,4,0.0,0.2,0.8,0.0,0.018,0.008,0.008,0.0,0.008,12.6984,22.2222
2026-04-25T05:00:00+08:00,5,0.0,0.2,0.8,0.0,0.018,0.008,0.008,0.0,0.008,12.6984,22.2222
2026-04-25T06:00:00+08:00,6,0.003242,0.2,0.8,0.000648,0.020593,0.008,0.008,0.0,0.009621,12.1964,21.2649
2026-04-25T07:00:00+08:00,7,0.035329,0.2,0.8,0.007066,0.046263,0.025437,0.025437,0.0,0.025664,27.8718,47.3994
2026-04-25T08:00:00+08:00,8,0.096064,0.2,0.8,0.019213,0.094851,0.069166,0.069166,0.0,0.056032,49.4568,82.3091
2026-04-25T09:00:00+08:00,9,0.157564,0.2,0.8,0.031513,0.144052,0.113446,0.113446,0.0,0.086782,60.0082,98.8362
2026-04-25T10:00:00+08:00,10,0.232237,0.2,0.8,0.046447,0.20379,0.167211,0.167211,0.0,0.124119,67.2097,109.9213
2026-04-25T11:00:00+08:00,11,0.287157,0.2,0.8,0.057431,0.247725,0.206753,0.206753,0.0,0.151578,70.6303,115.1324
2026-04-25T12:00:00+08:00,12,0.297831,0.2,0.8,0.059566,0.256265,0.214439,0.214439,0.0,0.156916,71.1794,115.9656
2026-04-25T13:00:00+08:00,13,0.301529,0.2,0.8,0.060306,0.259223,0.217101,0.217101,0.0,0.158764,71.3624,116.2431
2026-04-25T14:00:00+08:00,14,0.27863,0.2,0.8,0.055726,0.240904,0.200613,0.200613,0.0,0.147315,70.1682,114.4303
2026-04-25T15:00:00+08:00,15,0.237005,0.2,0.8,0.047401,0.207604,0.170644,0.170644,0.0,0.126503,67.5538,110.4472
2026-04-25T16:00:00+08:00,16,0.173177,0.2,0.8,0.034635,0.156542,0.124688,0.124688,0.0,0.094589,61.8669,101.7122
2026-04-25T17:00:00+08:00,17,0.104586,0.2,0.8,0.020917,0.101669,0.075302,0.075302,0.0,0.060293,51.3415,85.2864
2026-04-25T18:00:00+08:00,18,0.042189,0.2,0.8,0.008438,0.051751,0.030376,0.030376,0.0,0.029094,31.396,53.2031
2026-04-25T19:00:00+08:00,19,0.006352,0.2,0.8,0.00127,0.023082,0.008,0.008,0.0,0.011176,11.7506,20.4206
2026-04-25T20:00:00+08:00,20,0.0,0.2,0.8,0.0,0.018,0.008,0.008,0.0,0.008,12.6984,22.2222
2026-04-25T21:00:00+08:00,21,0.0,0.2,0.8,0.0,0.018,0.008,0.008,0.0,0.008,12.6984,22.2222
2026-04-25T22:00:00+08:00,22,0.0,0.2,0.8,0.0,0.018,0.008,0.008,0.0,0.008,12.6984,22.2222
2026-04-25T23:00:00+08:00,23,0.0,0.2,0.8,0.0,0.018,0.008,0.008,0.0,0.008,12.6984,22.2222
2026-04-26T00:00:00+08:00,0,0.0,0.2,0.8,0.0,0.018,0.008,0.008,0.0,0.008,12.6984,22.2222
2026-04-26T01:00:00+08:00,1,0.0,0.2,0.8,0.0,0.018,0.008,0.008,0.0,0.008,12.6984,22.2222
2026-04-26T02:00:00+08:00,2,0.0,0.2,0.8,0.0,0.018,0.008,0.008,0.0,0.008,12.6984,22.2222
2026-04-26T03:00:00+08:00,3,0.0,0.2,0.8,0.0,0.018,0.008,0.008,0.0,0.008,12.6984,22.2222
2026-04-26T04:00:00+08:00,4,0.0,0.2,0.8,0.0,0.018,0.008,0.008,0.0,0.008,12.6984,22.2222
2026-04-26T05:00:00+08:00,5,0.0,0.2,0.8,0.0,0.018,0.008,0.008,0.0,0.008,12.6984,22.2222
2026-04-26T06:00:00+08:00,6,0.003805,0.2,0.8,0.000761,0.021044,0.008,0.008,0.0,0.009902,12.1132,21.1068
2026-04-26T07:00:00+08:00,7,0.036874,0.2,0.8,0.007375,0.047499,0.026549,0.026549,0.0,0.026437,28.7021,48.7705
2026-04-26T08:00:00+08:00,8,0.095904,0.2,0.8,0.019181,0.094723,0.069051,0.069051,0.0,0.055952,49.4197,82.2503
2026-04-26T09:00:00+08:00,9,0.161047,0.2,0.8,0.032209,0.146838,0.115954,0.115954,0.0,0.088524,60.4438,99.5112
2026-04-26T10:00:00+08:00,10,0.227909,0.2,0.8,0.045582,0.200327,0.164094,0.164094,0.0,0.121954,66.888,109.4295
2026-04-26T11:00:00+08:00,11,0.267141,0.2,0.8,0.053428,0.231713,0.192341,0.192341,0.0,0.14157,69.5094,113.4286
2026-04-26T12:00:00+08:00,12,0.28795,0.2,0.8,0.05759,0.24836,0.207324,0.207324,0.0,0.151975,70.6722,115.196
2026-04-26T13:00:00+08:00,13,0.303103,0.2,0.8,0.060621,0.260482,0.218234,0.218234,0.0,0.159552,71.4392,116.3596
2026-04-26T14:00:00+08:00,14,0.301157,0.2,0.8,0.060231,0.258925,0.216833,0.216833,0.0,0.158578,71.3441,116.2154
2026-04-26T15:00:00+08:00,15,0.216407,0.2,0.8,0.043281,0.191125,0.155813,0.155813,0.0,0.116203,65.9873,108.0508
2026-04-26T16:00:00+08:00,16,0.189594,0.2,0.8,0.037919,0.169676,0.136508,0.136508,0.0,0.102797,63.588,104.3661
2026-04-26T17:00:00+08:00,17,0.114248,0.2,0.8,0.02285,0.109399,0.082259,0.082259,0.0,0.065124,53.2769,88.3323
2026-04-26T18:00:00+08:00,18,0.041615,0.2,0.8,0.008323,0.051292,0.029963,0.029963,0.0,0.028807,31.1164,52.7441
2026-04-26T19:00:00+08:00,19,0.005613,0.2,0.8,0.001123,0.022491,0.008,0.008,0.0,0.010807,11.8535,20.615
2026-04-26T20:00:00+08:00,20,0.0,0.2,0.8,0.0,0.018,0.008,0.008,0.0,0.008,12.6984,22.2222
2026-04-26T21:00:00+08:00,21,0.0,0.2,0.8,0.0,0.018,0.008,0.008,0.0,0.008,12.6984,22.2222
2026-04-26T22:00:00+08:00,22,0.0,0.2,0.8,0.0,0.018,0.008,0.008,0.0,0.008,12.6984,22.2222
2026-04-26T23:00:00+08:00,23,0.0,0.2,0.8,0.0,0.018,0.008,0.008,0.0,0.008,12.6984,22.2222
2026-04-27T00:00:00+08:00,0,0.0,0.2,0.8,0.0,0.018,0.008,0.008,0.0,0.008,12.6984,22.2222
2026-04-27T01:00:00+08:00,1,0.0,0.2,0.8,0.0,0.018,0.008,0.008,0.0,0.008,12.6984,22.2222
2026-04-27T02:00:00+08:00,2,0.0,0.2,0.8,0.0,0.018,0.008,0.008,0.0,0.008,12.6984,22.2222
2026-04-27T03:00:00+08:00,3,0.0,0.2,0.8,0.0,0.018,0.008,0.008,0.0,0.008,12.6984,22.2222
2026-04-27T04:00:00+08:00,4,0.0,0.2,0.8,0.0,0.018,0.008,0.008,0.0,0.008,12.6984,22.2222
2026-04-27T05:00:00+08:00,5,0.0,0.2,0.8,0.0,0.018,0.008,0.008,0.0,0.008,12.6984,22.2222
2026-04-27T06:00:00+08:00,6,0.003589,0.2,0.8,0.000718,0.020871,0.008,0.008,0.0,0.009794,12.145,21.1672
2026-04-27T07:00:00+08:00,7,0.03154,0.2,0.8,0.006308,0.043232,0.022709,0.022709,0.0,0.02377,25.7376,43.8648
2026-04-27T08:00:00+08:00,8,0.082265,0.2,0.8,0.016453,0.083812,0.059231,0.059231,0.0,0.049132,45.9823,76.7908
2026-04-27T09:00:00+08:00,9,0.140094,0.2,0.8,0.028019,0.130075,0.100868,0.100868,0.0,0.078047,57.6139,95.116
2026-04-27T10:00:00+08:00,10,0.187109,0.2,0.8,0.037422,0.167687,0.134719,0.134719,0.0,0.101555,63.3412,103.986
2026-04-27T11:00:00+08:00,11,0.234271,0.2,0.8,0.046854,0.205417,0.168675,0.168675,0.0,0.125135,67.3577,110.1476
2026-04-27T12:00:00+08:00,12,0.255156,0.2,0.8,0.051031,0.222125,0.183713,0.183713,0.0,0.135578,68.774,112.3087
2026-04-27T13:00:00+08:00,13,0.235762,0.2,0.8,0.047152,0.20661,0.169749,0.169749,0.0,0.125881,67.4651,110.3116
2026-04-27T14:00:00+08:00,14,0.199231,0.2,0.8,0.039846,0.177385,0.143446,0.143446,0.0,0.107616,64.5037,105.7743
2026-04-27T15:00:00+08:00,15,0.188081,0.2,0.8,0.037616,0.168464,0.135418,0.135418,0.0,0.10204,63.4382,104.1354
2026-04-27T16:00:00+08:00,16,0.149682,0.2,0.8,0.029936,0.137746,0.107771,0.107771,0.0,0.082841,58.9733,97.2304
2026-04-27T17:00:00+08:00,17,0.081457,0.2,0.8,0.016291,0.083166,0.058649,0.058649,0.0,0.048728,45.7603,76.437
2026-04-27T18:00:00+08:00,18,0.025284,0.2,0.8,0.005057,0.038227,0.018205,0.018205,0.0,0.020642,21.8734,37.4256
2026-04-27T19:00:00+08:00,19,0.002318,0.2,0.8,0.000464,0.019854,0.008,0.008,0.0,0.009159,12.3354,21.5292
2026-04-27T20:00:00+08:00,20,0.0,0.2,0.8,0.0,0.018,0.008,0.008,0.0,0.008,12.6984,22.2222
2026-04-27T21:00:00+08:00,21,0.0,0.2,0.8,0.0,0.018,0.008,0.008,0.0,0.008,12.6984,22.2222
2026-04-27T22:00:00+08:00,22,0.0,0.2,0.8,0.0,0.018,0.008,0.008,0.0,0.008,12.6984,22.2222
2026-04-27T23:00:00+08:00,23,0.0,0.2,0.8,0.0,0.018,0.008,0.008,0.0,0.008,12.6984,22.2222
2026-04-28T00:00:00+08:00,0,0.0,0.2,0.8,0.0,0.018,0.008,0.008,0.0,0.008,12.6984,22.2222
2026-04-28T01:00:00+08:00,1,0.0,0.2,0.8,0.0,0.018,0.008,0.008,0.0,0.008,12.6984,22.2222
2026-04-28T02:00:00+08:00,2,0.0,0.2,0.8,0.0,0.018,0.008,0.008,0.0,0.008,12.6984,22.2222
2026-04-28T03:00:00+08:00,3,0.0,0.2,0.8,0.0,0.018,0.008,0.008,0.0,0.008,12.6984,22.2222
2026-04-28T04:00:00+08:00,4,0.0,0.2,0.8,0.0,0.018,0.008,0.008,0.0,0.008,12.6984,22.2222
2026-04-28T05:00:00+08:00,5,0.0,0.2,0.8,0.0,0.018,0.008,0.008,0.0,0.008,12.6984,22.2222
2026-04-28T06:00:00+08:00,6,0.001051,0.2,0.8,0.00021,0.018841,0.008,0.008,0.0,0.008526,12.5311,21.9024
2026-04-28T07:00:00+08:00,7,0.015199,0.2,0.8,0.00304,0.03016,0.010944,0.010944,0.0,0.0156,14.5605,25.1002
2026-04-28T08:00:00+08:00,8,0.044754,0.2,0.8,0.008951,0.053803,0.032223,0.032223,0.0,0.030377,32.6131,55.1978
2026-04-28T09:00:00+08:00,9,0.088019,0.2,0.8,0.017604,0.088415,0.063374,0.063374,0.0,0.05201,47.5011,79.2077
2026-04-28T10:00:00+08:00,10,0.137075,0.2,0.8,0.027415,0.12766,0.098694,0.098694,0.0,0.076538,57.161,94.4102
2026-04-28T11:00:00+08:00,11,0.177088,0.2,0.8,0.035418,0.15967,0.127503,0.127503,0.0,0.096544,62.2969,102.3761
2026-04-28T12:00:00+08:00,12,0.185056,0.2,0.8,0.037011,0.166045,0.13324,0.13324,0.0,0.100528,63.1337,103.6664
2026-04-28T13:00:00+08:00,13,0.147452,0.2,0.8,0.02949,0.135962,0.106166,0.106166,0.0,0.081726,58.6674,96.7551
2026-04-28T14:00:00+08:00,14,0.126553,0.2,0.8,0.025311,0.119242,0.091118,0.091118,0.0,0.071276,55.4778,91.7821
2026-04-28T15:00:00+08:00,15,0.119884,0.2,0.8,0.023977,0.113907,0.086317,0.086317,0.0,0.067942,54.3188,89.9674
2026-04-28T16:00:00+08:00,16,0.099949,0.2,0.8,0.01999,0.097959,0.071963,0.071963,0.0,0.057974,50.3382,83.7029
2026-04-28T17:00:00+08:00,17,0.071457,0.2,0.8,0.014291,0.075165,0.051449,0.051449,0.0,0.043728,42.815,71.7274
2026-04-28T18:00:00+08:00,18,0.027515,0.2,0.8,0.005503,0.040012,0.019811,0.019811,0.0,0.021757,23.3033,39.8143
2026-04-28T19:00:00+08:00,19,0.004538,0.2,0.8,0.000908,0.02163,0.008,0.008,0.0,0.010269,12.0065,20.9046
2026-04-28T20:00:00+08:00,20,0.0,0.2,0.8,0.0,0.018,0.008,0.008,0.0,0.008,12.6984,22.2222
2026-04-28T21:00:00+08:00,21,0.0,0.2,0.8,0.0,0.018,0.008,0.008,0.0,0.008,12.6984,22.2222
2026-04-28T22:00:00+08:00,22,0.0,0.2,0.8,0.0,0.018,0.008,0.008,0.0,0.008,12.6984,22.2222
2026-04-28T23:00:00+08:00,23,0.0,0.2,0.8,0.0,0.018,0.008,0.008,0.0,0.008,12.6984,22.2222
2026-04-29T00:00:00+08:00,0,0.0,0.2,0.8,0.0,0.018,0.008,0.008,0.0,0.008,12.6984,22.2222
2026-04-29T01:00:00+08:00,1,0.0,0.2,0.8,0.0,0.018,0.008,0.008,0.0,0.008,12.6984,22.2222
2026-04-29T02:00:00+08:00,2,0.0,0.2,0.8,0.0,0.018,0.008,0.008,0.0,0.008,12.6984,22.2222
2026-04-29T03:00:00+08:00,3,0.0,0.2,0.8,0.0,0.018,0.008,0.008,0.0,0.008,12.6984,22.2222
2026-04-29T04:00:00+08:00,4,0.0,0.2,0.8,0.0,0.018,0.008,0.008,0.0,0.008,12.6984,22.2222
2026-04-29T05:00:00+08:00,5,0.0,0.2,0.8,0.0,0.018,0.008,0.008,0.0,0.008,12.6984,22.2222
2026-04-29T06:00:00+08:00,6,0.001481,0.2,0.8,0.000296,0.019185,0.008,0.008,0.0,0.008741,12.464,21.7742
2026-04-29T07:00:00+08:00,7,0.015067,0.2,0.8,0.003013,0.030054,0.010849,0.010849,0.0,0.015534,14.4544,24.92
2026-04-29T08:00:00+08:00,8,0.053747,0.2,0.8,0.010749,0.060997,0.038698,0.038698,0.0,0.034873,36.5081,61.5486
2026-04-29T09:00:00+08:00,9,0.087187,0.2,0.8,0.017437,0.087749,0.062774,0.062774,0.0,0.051593,47.2879,78.8689
2026-04-29T10:00:00+08:00,10,0.149309,0.2,0.8,0.029862,0.137447,0.107502,0.107502,0.0,0.082654,58.9225,97.1514
2026-04-29T11:00:00+08:00,11,0.168959,0.2,0.8,0.033792,0.153167,0.12165,0.12165,0.0,0.092479,61.3878,100.9719
2026-04-29T12:00:00+08:00,12,0.178494,0.2,0.8,0.035699,0.160795,0.128516,0.128516,0.0,0.097247,62.4484,102.6098
2026-04-29T13:00:00+08:00,13,0.169312,0.2,0.8,0.033862,0.15345,0.121905,0.121905,0.0,0.092656,61.4285,101.0349
2026-04-29T14:00:00+08:00,14,0.156973,0.2,0.8,0.031395,0.143578,0.11302,0.11302,0.0,0.086486,59.9329,98.7195
2026-04-29T15:00:00+08:00,15,0.15171,0.2,0.8,0.030342,0.139368,0.109231,0.109231,0.0,0.083855,59.2463,97.6543
2026-04-29T16:00:00+08:00,16,0.132069,0.2,0.8,0.026414,0.123655,0.09509,0.09509,0.0,0.074034,56.3811,93.1936
2026-04-29T17:00:00+08:00,17,0.077316,0.2,0.8,0.015463,0.079853,0.055668,0.055668,0.0,0.046658,44.5866,74.5636
2026-04-29T18:00:00+08:00,18,0.040099,0.2,0.8,0.00802,0.050079,0.028871,0.028871,0.0,0.028049,30.3655,51.5103
2026-04-29T19:00:00+08:00,19,0.007263,0.2,0.8,0.001453,0.02381,0.008,0.008,0.0,0.011631,11.6262,20.186
2026-04-29T20:00:00+08:00,20,0.0,0.2,0.8,0.0,0.018,0.008,0.008,0.0,0.008,12.6984,22.2222
2026-04-29T21:00:00+08:00,21,0.0,0.2,0.8,0.0,0.018,0.008,0.008,0.0,0.008,12.6984,22.2222
2026-04-29T22:00:00+08:00,22,0.0,0.2,0.8,0.0,0.018,0.008,0.008,0.0,0.008,12.6984,22.2222
2026-04-29T23:00:00+08:00,23,0.0,0.2,0.8,0.0,0.018,0.008,0.008,0.0,0.008,12.6984,22.2222
2026-04-30T00:00:00+08:00,0,0.0,0.2,0.8,0.0,0.018,0.008,0.008,0.0,0.008,12.6984,22.2222
2026-04-30T01:00:00+08:00,1,0.0,0.2,0.8,0.0,0.018,0.008,0.008,0.0,0.008,12.6984,22.2222
2026-04-30T02:00:00+08:00,2,0.0,0.2,0.8,0.0,0.018,0.008,0.008,0.0,0.008,12.6984,22.2222
2026-04-30T03:00:00+08:00,3,0.0,0.2,0.8,0.0,0.018,0.008,0.008,0.0,0.008,12.6984,22.2222
2026-04-30T04:00:00+08:00,4,0.0,0.2,0.8,0.0,0.018,0.008,0.008,0.0,0.008,12.6984,22.2222
2026-04-30T05:00:00+08:00,5,0.0,0.2,0.8,0.0,0.018,0.008,0.008,0.0,0.008,12.6984,22.2222
2026-04-30T06:00:00+08:00,6,0.004479,0.2,0.8,0.000896,0.021583,0.008,0.008,0.0,0.01024,12.015,20.9207
2026-04-30T07:00:00+08:00,7,0.037942,0.2,0.8,0.007588,0.048353,0.027318,0.027318,0.0,0.026971,29.2631,49.6955
2026-04-30T08:00:00+08:00,8,0.094526,0.2,0.8,0.018905,0.093621,0.068059,0.068059,0.0,0.055263,49.097,81.7394
2026-04-30T09:00:00+08:00,9,0.163376,0.2,0.8,0.032675,0.148701,0.117631,0.117631,0.0,0.089688,60.728,99.9513
2026-04-30T10:00:00+08:00,10,0.223035,0.2,0.8,0.044607,0.196428,0.160585,0.160585,0.0,0.119517,66.5147,108.8584
2026-04-30T11:00:00+08:00,11,0.285011,0.2,0.8,0.057002,0.246009,0.205208,0.205208,0.0,0.150505,70.516,114.9589
2026-04-30T12:00:00+08:00,12,0.293096,0.2,0.8,0.058619,0.252477,0.211029,0.211029,0.0,0.154548,70.9397,115.602
2026-04-30T13:00:00+08:00,13,0.280205,0.2,0.8,0.056041,0.242164,0.201747,0.201747,0.0,0.148102,70.2552,114.5626
2026-04-30T14:00:00+08:00,14,0.271824,0.2,0.8,0.054365,0.235459,0.195714,0.195714,0.0,0.143912,69.7832,113.8451
2026-04-30T15:00:00+08:00,15,0.239636,0.2,0.8,0.047927,0.209708,0.172538,0.172538,0.0,0.127818,67.7393,110.7304
2026-04-30T16:00:00+08:00,16,0.181727,0.2,0.8,0.036345,0.163382,0.130844,0.130844,0.0,0.098864,62.7903,103.1372
2026-04-30T17:00:00+08:00,17,0.1081,0.2,0.8,0.02162,0.10448,0.077832,0.077832,0.0,0.06205,52.0684,86.4318
2026-04-30T18:00:00+08:00,18,0.033793,0.2,0.8,0.006759,0.045034,0.024331,0.024331,0.0,0.024896,27.0238,45.9969
2026-04-30T19:00:00+08:00,19,0.004816,0.2,0.8,0.000963,0.021853,0.008,0.008,0.0,0.010408,11.9666,20.829
2026-04-30T20:00:00+08:00,20,0.0,0.2,0.8,0.0,0.018,0.008,0.008,0.0,0.008,12.6984,22.2222
2026-04-30T21:00:00+08:00,21,0.0,0.2,0.8,0.0,0.018,0.008,0.008,0.0,0.008,12.6984,22.2222
2026-04-30T22:00:00+08:00,22,0.0,0.2,0.8,0.0,0.018,0.008,0.008,0.0,0.008,12.6984,22.2222
2026-04-30T23:00:00+08:00,23,0.0,0.2,0.8,0.0,0.018,0.008,0.008,0.0,0.008,12.6984,22.2222
