timestamp,step,reward_share,liquidity_share,verified_supply_W,reward_energy_W,liquidity_energy_W,factory_demand_W,fulfilled_demand_W,unmet_demand_W,slippage_pct,approved_agents,rejected_agents,escalated_agents
2026-04-01T00:00:00+08:00,0,0.2,0.8,0.0,0.0,18000.0,8000.0,8000.0,0.0,12.698412698412698,47,3,0
2026-04-01T01:00:00+08:00,1,0.2,0.8,0.0,0.0,18000.0,8000.0,8000.0,0.0,12.698412698412698,47,3,0
2026-04-01T02:00:00+08:00,2,0.2,0.8,0.0,0.0,18000.0,8000.0,8000.0,0.0,12.698412698412698,47,3,0
2026-04-01T03:00:00+08:00,3,0.2,0.8,0.0,0.0,18000.0,8000.0,8000.0,0.0,12.698412698412698,47,3,0
2026-04-01T04:00:00+08:00,4,0.2,0.8,0.0,0.0,18000.0,8000.0,8000.0,0.0,12.698412698412698,45,5,0
2026-04-01T05:00:00+08:00,5,0.2,0.8,0.0,0.0,18000.0,8000.0,8000.0,0.0,12.698412698412698,45,5,0
2026-04-01T06:00:00+08:00,6,0.2,0.8,0.0,0.0,18000.0,8000.0,8000.0,0.0,12.698412698412698,48,2,0
2026-04-01T07:00:00+08:00,7,0.2,0.8,10175.309999999996,2035.0619999999992,26140.247999999996,35000.0,26140.247999999996,8859.752000000004,36.74466808156193,47,3,0
2026-04-01T08:00:00+08:00,8,0.2,0.8,48842.86,9768.572,57074.288,35167.68,35167.68,0.0,34.453025036040415,50,0,0
2026-04-01T09:00:00+08:00,9,0.2,0.8,137442.99999999997,27488.599999999995,127954.39999999998,99083.51999999999,99083.51999999999,0.0,57.28881138612259,50,0,0
2026-04-01T10:00:00+08:00,10,0.2,0.8,205817.87000000005,41163.574000000015,182654.29600000006,148232.16,148232.16,0.0,65.11283230956465,50,0,0
2026-04-01T11:00:00+08:00,11,0.2,0.8,246489.21,49297.842000000004,215191.36800000002,177548.4,177548.4,0.0,68.23762116504956,50,0,0
2026-04-01T12:00:00+08:00,12,0.2,0.8,274731.84,54946.36800000001,237785.47200000004,197974.08,197974.08,0.0,70.00857526372499,50,0,0
2026-04-01T13:00:00+08:00,13,0.2,0.8,271212.56,54242.512,234970.048,195502.32,195502.32,0.0,69.82972692850343,46,4,0
2026-04-01T14:00:00+08:00,14,0.2,0.8,263097.07,52619.414000000004,228477.65600000002,187162.56,187162.56,0.0,68.43797140048618,48,2,0
2026-04-01T15:00:00+08:00,15,0.2,0.8,225351.58000000002,45070.316000000006,198281.26400000002,161029.44,161029.44,0.0,66.19064590193842,48,2,0
2026-04-01T16:00:00+08:00,16,0.2,0.8,156238.91,31247.782000000003,142991.12800000003,112597.2,112597.2,0.0,59.89495419166801,45,5,0
2026-04-01T17:00:00+08:00,17,0.2,0.8,96067.32000000002,19213.464000000004,94853.85600000001,69189.84,69189.84,0.0,49.472958400231725,50,0,0
2026-04-01T18:00:00+08:00,18,0.2,0.8,25276.749999999996,5055.349999999999,38221.399999999994,35000.0,35000.0,0.0,42.05649027774106,49,1,0
2026-04-01T19:00:00+08:00,19,0.2,0.8,2673.27,534.654,20138.616,35000.0,20138.616,14861.383999999998,30.916554935708184,49,1,0
2026-04-01T20:00:00+08:00,20,0.2,0.8,0.0,0.0,18000.0,8000.0,8000.0,0.0,12.698412698412698,50,0,0
2026-04-01T21:00:00+08:00,21,0.2,0.8,0.0,0.0,18000.0,8000.0,8000.0,0.0,12.698412698412698,46,4,0
2026-04-01T22:00:00+08:00,22,0.2,0.8,0.0,0.0,18000.0,8000.0,8000.0,0.0,12.698412698412698,48,2,0
2026-04-01T23:00:00+08:00,23,0.2,0.8,0.0,0.0,18000.0,8000.0,8000.0,0.0,12.698412698412698,47,3,0
2026-04-02T00:00:00+08:00,24,0.2,0.8,0.0,0.0,18000.0,8000.0,8000.0,0.0,12.698412698412698,49,1,0
2026-04-02T01:00:00+08:00,25,0.2,0.8,0.0,0.0,18000.0,8000.0,8000.0,0.0,12.698412698412698,47,3,0
2026-04-02T02:00:00+08:00,26,0.2,0.8,0.0,0.0,18000.0,8000.0,8000.0,0.0,12.698412698412698,50,0,0
2026-04-02T03:00:00+08:00,27,0.2,0.8,0.0,0.0,18000.0,8000.0,8000.0,0.0,12.698412698412698,48,2,0
2026-04-02T04:00:00+08:00,28,0.2,0.8,0.0,0.0,18000.0,8000.0,8000.0,0.0,12.698412698412698,48,2,0
2026-04-02T05:00:00+08:00,29,0.2,0.8,0.0,0.0,18000.0,8000.0,8000.0,0.0,12.698412698412698,47,3,0
2026-04-02T06:00:00+08:00,30,0.2,0.8,249.56,49.912000000000006,18199.648,35000.0,18199.648,16800.352,28.79707178115929,46,4,0
2026-04-02T07:00:00+08:00,31,0.2,0.8,17491.600000000006,3498.3200000000015,31993.280000000006,35000.0,31993.280000000006,3006.719999999994,41.55334075908963,50,0,0
2026-04-02T08:00:00+08:00,32,0.2,0.8,63388.26999999998,12677.653999999997,68710.61599999998,44569.439999999995,44569.439999999995,0.0,39.19549604761617,48,2,0
2026-04-02T09:00:00+08:00,33,0.2,0.8,123777.08000000002,24755.416000000005,117021.66400000002,88851.59999999999,88851.59999999999,0.0,54.83933309066619,47,3,0
2026-04-02T10:00:00+08:00,34,0.2,0.8,197025.09,39405.018000000004,175620.07200000001,141886.8,141886.8,0.0,64.31273397463127,49,1,0
2026-04-02T11:00:00+08:00,35,0.2,0.8,242019.82999999996,48403.96599999999,211615.86399999997,174284.63999999998,174284.63999999998,0.0,67.91654938371231,49,1,0
2026-04-02T12:00:00+08:00,36,0.2,0.8,262640.02999999997,52528.005999999994,228112.02399999998,187740.72,187740.72,0.0,68.74128690870089,49,1,0
2026-04-02T13:00:00+08:00,37,0.2,0.8,263474.16,52694.831999999995,228779.32799999998,193728.96,193728.96,0.0,70.76098893777693,46,3,1
2026-04-02T14:00:00+08:00,38,0.2,0.8,234655.72000000003,46931.14400000001,205724.57600000003,173064.96,173064.96,0.0,69.02592588290985,46,3,1
2026-04-02T15:00:00+08:00,39,0.2,0.8,199730.22999999995,39946.045999999995,177784.18399999998,143883.36,143883.36,0.0,64.58418969274767,50,0,0
2026-04-02T16:00:00+08:00,40,0.2,0.8,123953.46,24790.692000000003,117162.76800000001,89261.28,89261.28,0.0,55.04425035468067,48,2,0
2026-04-02T17:00:00+08:00,41,0.2,0.8,64954.21,12990.842,69963.368,46287.36,46287.36,0.0,40.26270350743378,47,2,1
2026-04-02T18:00:00+08:00,42,0.2,0.8,24215.10000000001,4843.020000000002,37372.08000000001,35000.0,35000.0,0.0,42.49012529488146,47,1,2
2026-04-02T19:00:00+08:00,43,0.2,0.8,2365.6800000000003,473.1360000000001,19892.544,35000.0,19892.544,15107.455999999998,30.654591072897375,47,2,1
2026-04-02T20:00:00+08:00,44,0.2,0.8,0.0,0.0,18000.0,8000.0,8000.0,0.0,12.698412698412698,45,4,1
2026-04-02T21:00:00+08:00,45,0.2,0.8,0.0,0.0,18000.0,8000.0,8000.0,0.0,12.698412698412698,48,1,1
2026-04-02T22:00:00+08:00,46,0.2,0.8,0.0,0.0,18000.0,8000.0,8000.0,0.0,12.698412698412698,46,4,0
2026-04-02T23:00:00+08:00,47,0.2,0.8,0.0,0.0,18000.0,8000.0,8000.0,0.0,12.698412698412698,48,2,0
2026-04-03T00:00:00+08:00,48,0.2,0.8,0.0,0.0,18000.0,8000.0,8000.0,0.0,12.698412698412698,47,3,0
2026-04-03T01:00:00+08:00,49,0.2,0.8,0.0,0.0,18000.0,8000.0,8000.0,0.0,12.698412698412698,49,1,0
2026-04-03T02:00:00+08:00,50,0.2,0.8,0.0,0.0,18000.0,8000.0,8000.0,0.0,12.698412698412698,49,1,0
2026-04-03T03:00:00+08:00,51,0.2,0.8,0.0,0.0,18000.0,8000.0,8000.0,0.0,12.698412698412698,47,3,0
2026-04-03T04:00:00+08:00,52,0.2,0.8,0.0,0.0,18000.0,8000.0,8000.0,0.0,12.698412698412698,47,3,0
2026-04-03T05:00:00+08:00,53,0.2,0.8,0.0,0.0,18000.0,8000.0,8000.0,0.0,12.698412698412698,48,2,0
2026-04-03T06:00:00+08:00,54,0.2,0.8,65.99999999999999,13.199999999999998,18052.8,35000.0,18052.8,16947.2,28.63124238733252,45,3,2
2026-04-03T07:00:00+08:00,55,0.2,0.8,5198.48,1039.696,22158.784,35000.0,22158.784,12841.216,32.99461765120702,50,0,0
2026-04-03T08:00:00+08:00,56,0.2,0.8,23626.16,4725.232,36900.928,35000.0,35000.0,0.0,42.734558514404135,44,5,1
2026-04-03T09:00:00+08:00,57,0.2,0.8,64237.33999999998,12847.467999999997,69389.87199999999,52002.0,52002.0,0.0,45.460318375039364,41,4,5
2026-04-03T10:00:00+08:00,58,0.2,0.8,94918.95,18983.79,93935.16,75318.48,75318.48,0.0,54.21124501530066,47,0,3
2026-04-03T11:00:00+08:00,59,0.2,0.8,121336.77,24267.354000000003,115069.41600000001,97649.28,97649.28,0.0,61.0043332700108,46,0,4
2026-04-03T12:00:00+08:00,60,0.2,0.8,147773.12,29554.624,136218.49599999998,131356.08,131356.08,0.0,72.48491897868968,43,1,6
2026-04-03T13:00:00+08:00,61,0.2,0.8,157812.79000000004,31562.558000000008,144250.23200000002,144531.36,144250.23200000002,281.12799999996787,76.22195781509002,43,1,6
2026-04-03T14:00:00+08:00,62,0.2,0.8,140923.19999999998,28184.64,130738.56,129145.68,129145.68,0.0,73.4873894494185,43,1,6
2026-04-03T15:00:00+08:00,63,0.2,0.8,146294.86000000002,29258.972000000005,135035.88800000004,105333.84,105333.84,0.0,58.50713497744404,47,3,0
2026-04-03T16:00:00+08:00,64,0.2,0.8,116460.83000000002,23292.166000000005,111168.66400000002,82713.59999999999,82713.59999999999,0.0,52.964274574315354,46,4,0
2026-04-03T17:00:00+08:00,65,0.2,0.8,74963.95000000001,14992.790000000003,77971.16,54042.479999999996,54042.479999999996,0.0,43.94727999638289,48,2,0
2026-04-03T18:00:00+08:00,66,0.2,0.8,27509.059999999987,5501.811999999998,40007.24799999999,35000.0,35000.0,0.0,41.17295974573839,43,1,6
2026-04-03T19:00:00+08:00,67,0.2,0.8,1923.7000000000003,384.74000000000007,19538.96,35000.0,19538.96,15461.04,30.274674398223958,44,0,6
2026-04-03T20:00:00+08:00,68,0.2,0.8,0.0,0.0,18000.0,8000.0,8000.0,0.0,12.698412698412698,41,4,5
2026-04-03T21:00:00+08:00,69,0.2,0.8,0.0,0.0,18000.0,8000.0,8000.0,0.0,12.698412698412698,42,1,7
2026-04-03T22:00:00+08:00,70,0.2,0.8,0.0,0.0,18000.0,8000.0,8000.0,0.0,12.698412698412698,41,0,9
2026-04-03T23:00:00+08:00,71,0.2,0.8,0.0,0.0,18000.0,8000.0,8000.0,0.0,12.698412698412698,44,2,4
2026-04-04T00:00:00+08:00,72,0.2,0.8,0.0,0.0,18000.0,8000.0,8000.0,0.0,12.698412698412698,44,4,2
2026-04-04T01:00:00+08:00,73,0.2,0.8,0.0,0.0,18000.0,8000.0,8000.0,0.0,12.698412698412698,49,1,0
2026-04-04T02:00:00+08:00,74,0.2,0.8,0.0,0.0,18000.0,8000.0,8000.0,0.0,12.698412698412698,49,1,0
2026-04-04T03:00:00+08:00,75,0.2,0.8,0.0,0.0,18000.0,8000.0,8000.0,0.0,12.698412698412698,47,3,0
2026-04-04T04:00:00+08:00,76,0.2,0.8,0.0,0.0,18000.0,8000.0,8000.0,0.0,12.698412698412698,49,1,0
2026-04-04T05:00:00+08:00,77,0.2,0.8,0.0,0.0,18000.0,8000.0,8000.0,0.0,12.698412698412698,45,5,0
2026-04-04T06:00:00+08:00,78,0.2,0.8,313.79999999999995,62.75999999999999,18251.04,35000.0,18251.04,16748.96,28.854924756968423,46,3,1
2026-04-04T07:00:00+08:00,79,0.2,0.8,16068.479999999998,3213.696,30854.784,35000.0,30854.784,4145.216,40.676121363683535,46,1,3
2026-04-04T08:00:00+08:00,80,0.2,0.8,56754.780000000006,11350.956000000002,63403.82400000001,45945.35999999999,45945.35999999999,0.0,42.38352329711172,42,4,4
2026-04-04T09:00:00+08:00,81,0.2,0.8,106497.93000000001,21299.586000000003,103198.34400000001,102965.04,102965.04,0.0,69.47786137205419,37,0,13
2026-04-04T10:00:00+08:00,82,0.2,0.8,126696.41,25339.282000000003,119357.12800000001,141454.8,119357.12800000001,22097.671999999977,72.62059726426955,32,1,17
2026-04-04T11:00:00+08:00,83,0.2,0.8,157360.15000000008,31472.030000000017,143888.12000000005,167236.56,143888.12000000005,23348.439999999944,76.17637361206201,36,1,13
2026-04-04T12:00:00+08:00,84,0.2,0.8,166665.73999999996,33333.147999999994,151332.59199999998,170677.44,151332.59199999998,19344.848000000027,77.07970972033007,36,4,10
2026-04-04T13:00:00+08:00,85,0.2,0.8,192357.53999999998,38471.507999999994,171886.03199999998,198367.19999999998,171886.03199999998,26481.168000000005,79.25177588199871,37,1,12
2026-04-04T14:00:00+08:00,86,0.2,0.8,223273.26999999993,44654.65399999999,196618.61599999995,185689.44,185689.44,0.0,76.85229022253817,45,0,5
2026-04-04T15:00:00+08:00,87,0.2,0.8,203330.75999999998,40666.152,180664.608,146464.56,146464.56,0.0,64.90364674286896,48,2,0
2026-04-04T16:00:00+08:00,88,0.2,0.8,170707.38,34141.476,154565.904,122952.95999999999,122952.95999999999,0.0,61.61020371495924,50,0,0
2026-04-04T17:00:00+08:00,89,0.2,0.8,102313.15999999996,20462.631999999994,99850.52799999998,73697.04,73697.04,0.0,50.87799196700201,48,1,1
2026-04-04T18:00:00+08:00,90,0.2,0.8,26892.339999999997,5378.468,39513.872,35000.0,35000.0,0.0,41.413319697386484,40,2,8
2026-04-04T19:00:00+08:00,91,0.2,0.8,1526.79,305.358,19221.432,35000.0,19221.432,15778.568,29.929933670740947,35,3,12
2026-04-04T20:00:00+08:00,92,0.2,0.8,0.0,0.0,18000.0,8000.0,8000.0,0.0,12.698412698412698,38,3,9
2026-04-04T21:00:00+08:00,93,0.2,0.8,0.0,0.0,18000.0,8000.0,8000.0,0.0,12.698412698412698,35,3,12
2026-04-04T22:00:00+08:00,94,0.2,0.8,0.0,0.0,18000.0,8000.0,8000.0,0.0,12.698412698412698,36,2,12
2026-04-04T23:00:00+08:00,95,0.2,0.8,0.0,0.0,18000.0,8000.0,8000.0,0.0,12.698412698412698,41,2,7
2026-04-05T00:00:00+08:00,96,0.2,0.8,0.0,0.0,18000.0,8000.0,8000.0,0.0,12.698412698412698,47,3,0
2026-04-05T01:00:00+08:00,97,0.2,0.8,0.0,0.0,18000.0,8000.0,8000.0,0.0,12.698412698412698,49,1,0
2026-04-05T02:00:00+08:00,98,0.2,0.8,0.0,0.0,18000.0,8000.0,8000.0,0.0,12.698412698412698,44,6,0
2026-04-05T03:00:00+08:00,99,0.2,0.8,0.0,0.0,18000.0,8000.0,8000.0,0.0,12.698412698412698,50,0,0
2026-04-05T04:00:00+08:00,100,0.2,0.8,0.0,0.0,18000.0,8000.0,8000.0,0.0,12.698412698412698,47,3,0
2026-04-05T05:00:00+08:00,101,0.2,0.8,0.0,0.0,18000.0,8000.0,8000.0,0.0,12.698412698412698,47,3,0
2026-04-05T06:00:00+08:00,102,0.2,0.8,330.41,66.08200000000001,18264.328,35000.0,18264.328,16735.672,28.86986802420473,47,2,1
2026-04-05T07:00:00+08:00,103,0.2,0.8,16541.61,3308.322,31233.288,35000.0,31233.288,3766.7119999999995,40.970668876305055,46,2,2
2026-04-05T08:00:00+08:00,104,0.2,0.8,59100.58000000001,11820.116000000002,65280.46400000001,50643.36,50643.36,0.0,45.92233126621593,41,1,8
2026-04-05T09:00:00+08:00,105,0.2,0.8,100107.39999999998,20021.479999999996,98085.91999999998,94376.16,94376.16,0.0,65.95768472537341,35,2,13
2026-04-05T10:00:00+08:00,106,0.2,0.8,127063.19,25412.638000000003,119650.55200000001,131835.6,119650.55200000001,12185.047999999995,72.66939013966986,33,1,16
2026-04-05T11:00:00+08:00,107,0.2,0.8,142907.83,28581.566,132326.264,162501.12,132326.264,30174.856,74.62304850679085,31,1,18
2026-04-05T12:00:00+08:00,108,0.2,0.8,158942.94,31788.588000000003,145154.352,186232.32,145154.352,41077.96799999999,76.3350144097675,29,2,19
2026-04-05T13:00:00+08:00,109,0.2,0.8,193790.90000000005,38758.180000000015,173032.72000000006,202298.4,173032.72000000006,29265.679999999935,79.36089592424477,33,2,15
2026-04-05T14:00:00+08:00,110,0.2,0.8,197145.23000000007,39429.04600000002,175716.18400000007,171504.0,171504.0,0.0,77.70340937028884,41,3,6
2026-04-05T15:00:00+08:00,111,0.2,0.8,188674.2,37734.840000000004,168939.36000000002,144344.88,144344.88,0.0,67.46999710572192,45,2,3
2026-04-05T16:00:00+08:00,112,0.2,0.8,162412.4499999999,32482.48999999998,147929.9599999999,116490.95999999999,116490.95999999999,0.0,60.379922330362824,48,2,0
2026-04-05T17:00:00+08:00,113,0.2,0.8,88265.82000000002,17653.164000000004,88612.65600000002,63552.96,63552.96,0.0,47.56507497313727,47,3,0
2026-04-05T18:00:00+08:00,114,0.2,0.8,20687.499999999993,4137.499999999999,34550.0,35000.0,34550.0,450.0,43.43180389692018,40,2,8
2026-04-05T19:00:00+08:00,115,0.2,0.8,3174.11,634.8220000000001,20539.288,35000.0,20539.288,14460.712,31.338894008125326,40,2,8
2026-04-05T20:00:00+08:00,116,0.2,0.8,0.0,0.0,18000.0,8000.0,8000.0,0.0,12.698412698412698,34,5,11
2026-04-05T21:00:00+08:00,117,0.2,0.8,0.0,0.0,18000.0,8000.0,8000.0,0.0,12.698412698412698,35,3,12
2026-04-05T22:00:00+08:00,118,0.2,0.8,0.0,0.0,18000.0,8000.0,8000.0,0.0,12.698412698412698,38,4,8
2026-04-05T23:00:00+08:00,119,0.2,0.8,0.0,0.0,18000.0,8000.0,8000.0,0.0,12.698412698412698,45,2,3
2026-04-06T00:00:00+08:00,120,0.2,0.8,0.0,0.0,18000.0,8000.0,8000.0,0.0,12.698412698412698,47,2,1
2026-04-06T01:00:00+08:00,121,0.2,0.8,0.0,0.0,18000.0,8000.0,8000.0,0.0,12.698412698412698,45,5,0
2026-04-06T02:00:00+08:00,122,0.2,0.8,0.0,0.0,18000.0,8000.0,8000.0,0.0,12.698412698412698,45,5,0
2026-04-06T03:00:00+08:00,123,0.2,0.8,0.0,0.0,18000.0,8000.0,8000.0,0.0,12.698412698412698,49,1,0
2026-04-06T04:00:00+08:00,124,0.2,0.8,0.0,0.0,18000.0,8000.0,8000.0,0.0,12.698412698412698,47,3,0
2026-04-06T05:00:00+08:00,125,0.2,0.8,0.0,0.0,18000.0,8000.0,8000.0,0.0,12.698412698412698,49,1,0
2026-04-06T06:00:00+08:00,126,0.2,0.8,248.72000000000003,49.74400000000001,18198.976,35000.0,18198.976,16801.024,28.796314674465613,49,1,0
2026-04-06T07:00:00+08:00,127,0.2,0.8,8298.789999999999,1659.7579999999998,24639.032,35000.0,24639.032,10360.968,35.38106618139091,48,1,1
2026-04-06T08:00:00+08:00,128,0.2,0.8,23656.25999999999,4731.251999999999,36925.007999999994,35000.0,35000.0,0.0,42.72199765912748,43,2,5
2026-04-06T09:00:00+08:00,129,0.2,0.8,39240.17999999999,7848.035999999999,49392.144,50778.0,49392.144,1385.8559999999998,52.32654107316389,32,4,14
2026-04-06T10:00:00+08:00,130,0.2,0.8,69344.23,13868.846,73475.38399999999,89403.12,73475.38399999999,15927.736000000004,62.017426337271885,33,1,16
2026-04-06T11:00:00+08:00,131,0.2,0.8,83460.82999999999,16692.165999999997,84768.66399999999,124225.92,84768.66399999999,39457.25600000001,65.32290723128659,27,1,22
2026-04-06T12:00:00+08:00,132,0.2,0.8,90644.78,18128.956000000002,90515.82400000001,148004.63999999998,90515.82400000001,57488.81599999998,66.7935458223683,24,2,24
2026-04-06T13:00:00+08:00,133,0.2,0.8,114355.51000000001,22871.102000000003,109484.40800000001,155976.47999999998,109484.40800000001,46492.07199999997,70.87084672001333,28,2,20
2026-04-06T14:00:00+08:00,134,0.2,0.8,170102.44000000006,34020.48800000001,154081.95200000005,151540.56,151540.56,0.0,76.11968763496952,40,0,10
2026-04-06T15:00:00+08:00,135,0.2,0.8,151844.05000000002,30368.810000000005,139475.24000000002,114816.95999999999,114816.95999999999,0.0,62.23976724464486,43,2,5
2026-04-06T16:00:00+08:00,136,0.2,0.8,116274.34,23254.868000000002,111019.47200000001,83725.92,83725.92,0.0,53.663763200019034,50,0,0
2026-04-06T17:00:00+08:00,137,0.2,0.8,58828.85999999999,11765.771999999999,65063.087999999996,41942.159999999996,41942.159999999996,0.0,38.10738074148892,47,3,0
2026-04-06T18:00:00+08:00,138,0.2,0.8,10997.039999999999,2199.408,26797.631999999998,35000.0,26797.631999999998,8202.368000000002,37.323838201237606,37,0,13
2026-04-06T19:00:00+08:00,139,0.2,0.8,3042.6899999999996,608.5379999999999,20434.152,35000.0,20434.152,14565.848000000002,31.228573115763762,30,2,18
2026-04-06T20:00:00+08:00,140,0.2,0.8,0.0,0.0,18000.0,8000.0,8000.0,0.0,12.698412698412698,24,2,24
2026-04-06T21:00:00+08:00,141,0.2,0.8,0.0,0.0,18000.0,8000.0,8000.0,0.0,12.698412698412698,27,4,19
2026-04-06T22:00:00+08:00,142,0.2,0.8,0.0,0.0,18000.0,8000.0,8000.0,0.0,12.698412698412698,34,2,14
2026-04-06T23:00:00+08:00,143,0.2,0.8,0.0,0.0,18000.0,8000.0,8000.0,0.0,12.698412698412698,48,0,2
2026-04-07T00:00:00+08:00,144,0.2,0.8,0.0,0.0,18000.0,8000.0,8000.0,0.0,12.698412698412698,48,2,0
2026-04-07T01:00:00+08:00,145,0.2,0.8,0.0,0.0,18000.0,8000.0,8000.0,0.0,12.698412698412698,49,1,0
2026-04-07T02:00:00+08:00,146,0.2,0.8,0.0,0.0,18000.0,8000.0,8000.0,0.0,12.698412698412698,47,3,0
2026-04-07T03:00:00+08:00,147,0.2,0.8,0.0,0.0,18000.0,8000.0,8000.0,0.0,12.698412698412698,47,3,0
2026-04-07T04:00:00+08:00,148,0.2,0.8,0.0,0.0,18000.0,8000.0,8000.0,0.0,12.698412698412698,45,5,0
2026-04-07T05:00:00+08:00,149,0.2,0.8,0.0,0.0,18000.0,8000.0,8000.0,0.0,12.698412698412698,50,0,0
2026-04-07T06:00:00+08:00,150,0.2,0.8,417.72,83.54400000000001,18334.176,35000.0,18334.176,16665.824,28.948313782435566,47,3,0
2026-04-07T07:00:00+08:00,151,0.2,0.8,13594.070000000002,2718.8140000000003,28875.256,35000.0,28875.256,6124.743999999999,39.08650550056978,42,2,6
2026-04-07T08:00:00+08:00,152,0.2,0.8,33812.72,6762.544000000001,45050.17600000001,43602.479999999996,43602.479999999996,0.0,48.420205197600055,30,4,16
2026-04-07T09:00:00+08:00,153,0.2,0.8,55993.15,11198.630000000001,62794.520000000004,92958.48,62794.520000000004,30163.959999999992,58.253907527024566,22,5,23
2026-04-07T10:00:00+08:00,154,0.2,0.8,78924.84000000001,15784.968000000003,81139.872,148242.96,81139.872,67103.08799999999,64.32531658189728,20,0,30
2026-04-07T11:00:00+08:00,155,0.2,0.8,97565.20000000001,19513.040000000005,96052.16000000002,173715.84,96052.16000000002,77663.67999999998,68.09690826429032,18,4,28
2026-04-07T12:00:00+08:00,156,0.2,0.8,123054.62000000001,24610.924000000003,116443.69600000001,209800.08,116443.69600000001,93356.38399999998,72.12650532975906,23,1,26
2026-04-07T13:00:00+08:00,157,0.2,0.8,129341.04,25868.208,121472.832,199402.56,121472.832,77929.728,72.96856222161223,23,3,24
2026-04-07T14:00:00+08:00,158,0.2,0.8,235413.52999999997,47082.706,206330.824,194210.63999999998,194210.63999999998,0.0,77.2729094303212,40,3,7
2026-04-07T15:00:00+08:00,159,0.2,0.8,211480.94,42296.188,187184.752,162571.68,162571.68,0.0,70.01824133567565,43,3,4
2026-04-07T16:00:00+08:00,160,0.2,0.8,164611.84000000003,32922.36800000001,149689.47200000004,121345.2,121345.2,0.0,62.32756129720254,49,0,1
2026-04-07T17:00:00+08:00,161,0.2,0.8,88709.44999999997,17741.889999999996,88967.55999999998,63883.439999999995,63883.439999999995,0.0,47.68575317785887,44,6,0
2026-04-07T18:00:00+08:00,162,0.2,0.8,20188.44,4037.688,34150.752,35000.0,34150.752,849.2479999999996,43.146465620440345,32,3,15
2026-04-07T19:00:00+08:00,163,0.2,0.8,1897.82,379.564,19518.256,35000.0,19518.256,15481.743999999999,30.25229944219199,27,1,22
2026-04-07T20:00:00+08:00,164,0.2,0.8,0.0,0.0,18000.0,8000.0,8000.0,0.0,12.698412698412698,23,7,20
2026-04-07T21:00:00+08:00,165,0.2,0.8,0.0,0.0,18000.0,8000.0,8000.0,0.0,12.698412698412698,23,3,24
2026-04-07T22:00:00+08:00,166,0.2,0.8,0.0,0.0,18000.0,8000.0,8000.0,0.0,12.698412698412698,26,3,21
2026-04-07T23:00:00+08:00,167,0.2,0.8,0.0,0.0,18000.0,8000.0,8000.0,0.0,12.698412698412698,37,3,10
2026-04-08T00:00:00+08:00,168,0.2,0.8,0.0,0.0,18000.0,8000.0,8000.0,0.0,12.698412698412698,47,1,2
2026-04-08T01:00:00+08:00,169,0.2,0.8,0.0,0.0,18000.0,8000.0,8000.0,0.0,12.698412698412698,47,3,0
2026-04-08T02:00:00+08:00,170,0.2,0.8,0.0,0.0,18000.0,8000.0,8000.0,0.0,12.698412698412698,49,1,0
2026-04-08T03:00:00+08:00,171,0.2,0.8,0.0,0.0,18000.0,8000.0,8000.0,0.0,12.698412698412698,44,6,0
2026-04-08T04:00:00+08:00,172,0.2,0.8,0.0,0.0,18000.0,8000.0,8000.0,0.0,12.698412698412698,47,3,0
2026-04-08T05:00:00+08:00,173,0.2,0.8,0.0,0.0,18000.0,8000.0,8000.0,0.0,12.698412698412698,46,4,0
2026-04-08T06:00:00+08:00,174,0.2,0.8,600.0,120.0,18480.0,35000.0,18480.0,16520.0,29.111531190926275,48,2,0
2026-04-08T07:00:00+08:00,175,0.2,0.8,13044.980000000001,2608.9960000000005,28435.984000000004,35000.0,28435.984000000004,6564.015999999996,38.72213927166824,36,5,9
2026-04-08T08:00:00+08:00,176,0.2,0.8,23617.089999999997,4723.418,36893.672,42269.04,36893.672,5375.368000000002,45.05069939958243,26,3,21
2026-04-08T09:00:00+08:00,177,0.2,0.8,31122.359999999997,6224.472,42897.888,94213.44,42897.888,51315.552,48.80423065455224,17,1,32
2026-04-08T10:00:00+08:00,178,0.2,0.8,36569.71,7313.942,47255.768,123360.48,47255.768,76104.712,51.2225620407821,14,2,34
2026-04-08T11:00:00+08:00,179,0.2,0.8,51560.3,10312.060000000001,59248.240000000005,154720.8,59248.240000000005,95472.55999999998,56.83380362104915,15,2,33
2026-04-08T12:00:00+08:00,180,0.2,0.8,88259.95999999999,17651.992,88607.968,167308.56,88607.968,78700.592,66.319374006197,22,1,27
2026-04-08T13:00:00+08:00,181,0.2,0.8,96612.12000000002,19322.424000000006,95289.69600000003,178451.28,95289.69600000003,83161.58399999997,67.92351734798828,19,4,27
2026-04-08T14:00:00+08:00,182,0.2,0.8,179624.88999999998,35924.977999999996,161699.91199999998,147942.0,147942.0,0.0,71.57332510136725,46,0,4
2026-04-08T15:00:00+08:00,183,0.2,0.8,176982.19000000003,35396.43800000001,159585.75200000004,133121.52,133121.52,0.0,65.06881280764848,44,4,2
2026-04-08T16:00:00+08:00,184,0.2,0.8,99251.56999999998,19850.314,97401.256,71595.36,71595.36,0.0,50.27719699326248,46,2,2
2026-04-08T17:00:00+08:00,185,0.2,0.8,63675.03999999999,12735.008,68940.032,46517.04,46517.04,0.0,40.82589690689221,45,2,3
2026-04-08T18:00:00+08:00,186,0.2,0.8,20897.780000000002,4179.5560000000005,34718.224,35000.0,34718.224,281.775999999998,43.55117595193792,34,3,13
2026-04-08T19:00:00+08:00,187,0.2,0.8,1520.54,304.108,19216.432,35000.0,19216.432,15783.568,29.924477896872254,24,0,26
2026-04-08T20:00:00+08:00,188,0.2,0.8,0.0,0.0,18000.0,8000.0,8000.0,0.0,12.698412698412698,22,3,25
2026-04-08T21:00:00+08:00,189,0.2,0.8,0.0,0.0,18000.0,8000.0,8000.0,0.0,12.698412698412698,27,3,20
2026-04-08T22:00:00+08:00,190,0.2,0.8,0.0,0.0,18000.0,8000.0,8000.0,0.0,12.698412698412698,32,3,15
2026-04-08T23:00:00+08:00,191,0.2,0.8,0.0,0.0,18000.0,8000.0,8000.0,0.0,12.698412698412698,42,1,7
2026-04-09T00:00:00+08:00,192,0.2,0.8,0.0,0.0,18000.0,8000.0,8000.0,0.0,12.698412698412698,49,1,0
2026-04-09T01:00:00+08:00,193,0.2,0.8,0.0,0.0,18000.0,8000.0,8000.0,0.0,12.698412698412698,42,8,0
2026-04-09T02:00:00+08:00,194,0.2,0.8,0.0,0.0,18000.0,8000.0,8000.0,0.0,12.698412698412698,47,3,0
2026-04-09T03:00:00+08:00,195,0.2,0.8,0.0,0.0,18000.0,8000.0,8000.0,0.0,12.698412698412698,47,3,0
2026-04-09T04:00:00+08:00,196,0.2,0.8,0.0,0.0,18000.0,8000.0,8000.0,0.0,12.698412698412698,48,2,0
2026-04-09T05:00:00+08:00,197,0.2,0.8,0.0,0.0,18000.0,8000.0,8000.0,0.0,12.698412698412698,44,6,0
2026-04-09T06:00:00+08:00,198,0.2,0.8,412.5800000000001,82.51600000000002,18330.064,35000.0,18330.064,16669.936,28.94370042007221,49,1,0
2026-04-09T07:00:00+08:00,199,0.2,0.8,9714.419999999998,1942.8839999999998,25771.536,35000.0,25771.536,9228.464,36.41511468678595,43,0,7
2026-04-09T08:00:00+08:00,200,0.2,0.8,27422.86,5484.572,39938.288,35000.0,35000.0,0.0,41.20638739504616,34,1,15
2026-04-09T09:00:00+08:00,201,0.2,0.8,41010.91,8202.182,50808.728,66476.88,50808.728,15668.152000000002,53.031419016438676,26,5,19
2026-04-09T10:00:00+08:00,202,0.2,0.8,63621.51999999999,12724.303999999998,68897.21599999999,90978.48,68897.21599999999,22081.26400000001,60.49069364434684,25,2,23
2026-04-09T11:00:00+08:00,203,0.2,0.8,73213.11000000002,14642.622000000003,76570.48800000001,103502.15999999999,76570.48800000001,26931.671999999977,62.98443747301565,30,0,20
2026-04-09T12:00:00+08:00,204,0.2,0.8,86549.44,17309.888000000003,87239.55200000001,148421.52,87239.55200000001,61181.96799999998,65.97084660419902,22,0,28
2026-04-09T13:00:00+08:00,205,0.2,0.8,118624.83,23724.966,112899.864,145287.36,112899.864,32387.495999999985,71.5009254219497,32,2,16
2026-04-09T14:00:00+08:00,206,0.2,0.8,119532.72,23906.544,113626.176,154396.08,113626.176,40769.90399999998,71.63141599025876,26,2,22
2026-04-09T15:00:00+08:00,207,0.2,0.8,179264.9,35852.98,161411.92,136772.63999999998,136772.63999999998,0.0,66.26198719531313,45,2,3
2026-04-09T16:00:00+08:00,208,0.2,0.8,135373.57,27074.714000000004,126298.85600000001,97488.72,97488.72,0.0,56.91148340185061,49,1,0
2026-04-09T17:00:00+08:00,209,0.2,0.8,90792.10000000002,18158.420000000006,90633.68000000002,65751.84,65751.84,0.0,48.477516793763904,48,1,1
2026-04-09T18:00:00+08:00,210,0.2,0.8,24322.949999999997,4864.589999999999,37458.36,35000.0,35000.0,0.0,42.44566590943599,32,1,17
2026-04-09T19:00:00+08:00,211,0.2,0.8,1392.0500000000002,278.41,19113.64,35000.0,19113.64,15886.36,29.812127341389445,21,2,27
2026-04-09T20:00:00+08:00,212,0.2,0.8,0.0,0.0,18000.0,8000.0,8000.0,0.0,12.698412698412698,24,0,26
2026-04-09T21:00:00+08:00,213,0.2,0.8,0.0,0.0,18000.0,8000.0,8000.0,0.0,12.698412698412698,26,3,21
2026-04-09T22:00:00+08:00,214,0.2,0.8,0.0,0.0,18000.0,8000.0,8000.0,0.0,12.698412698412698,32,3,15
2026-04-09T23:00:00+08:00,215,0.2,0.8,0.0,0.0,18000.0,8000.0,8000.0,0.0,12.698412698412698,37,5,8
2026-04-10T00:00:00+08:00,216,0.2,0.8,0.0,0.0,18000.0,8000.0,8000.0,0.0,12.698412698412698,46,4,0
2026-04-10T01:00:00+08:00,217,0.2,0.8,0.0,0.0,18000.0,8000.0,8000.0,0.0,12.698412698412698,49,1,0
2026-04-10T02:00:00+08:00,218,0.2,0.8,0.0,0.0,18000.0,8000.0,8000.0,0.0,12.698412698412698,49,1,0
2026-04-10T03:00:00+08:00,219,0.2,0.8,0.0,0.0,18000.0,8000.0,8000.0,0.0,12.698412698412698,48,2,0
2026-04-10T04:00:00+08:00,220,0.2,0.8,0.0,0.0,18000.0,8000.0,8000.0,0.0,12.698412698412698,48,2,0
2026-04-10T05:00:00+08:00,221,0.2,0.8,0.0,0.0,18000.0,8000.0,8000.0,0.0,12.698412698412698,50,0,0
2026-04-10T06:00:00+08:00,222,0.2,0.8,414.56000000000006,82.91200000000002,18331.648,35000.0,18331.648,16668.352,28.94547762281506,47,2,1
2026-04-10T07:00:00+08:00,223,0.2,0.8,9683.08,1936.616,25746.464,35000.0,25746.464,9253.536,36.392580694916425,37,2,11
2026-04-10T08:00:00+08:00,224,0.2,0.8,18859.489999999998,3771.8979999999997,33087.592,43216.56,33087.592,10128.968,42.37240661743033,22,2,26
2026-04-10T09:00:00+08:00,225,0.2,0.8,24113.579999999998,4822.715999999999,37290.864,71290.08,37290.864,33999.216,45.31592231186199,16,2,32
2026-04-10T10:00:00+08:00,226,0.2,0.8,29418.93,5883.786,41535.144,113131.44,41535.144,71596.296,47.99800645157533,13,2,35
2026-04-10T11:00:00+08:00,227,0.2,0.8,40806.8,8161.360000000001,50645.44,145242.72,50645.44,94597.28,52.951233221364234,12,2,36
2026-04-10T12:00:00+08:00,228,0.2,0.8,45796.64,9159.328,54637.312,149124.96,54637.312,94487.64799999999,54.83619630364978,11,6,33
2026-04-10T13:00:00+08:00,229,0.2,0.8,77432.79000000001,15486.558000000003,79946.23200000002,169688.88,79946.23200000002,89742.64799999999,63.98450815227466,16,5,29
2026-04-10T14:00:00+08:00,230,0.2,0.8,157135.0,31427.0,143708.0,171524.16,143708.0,27816.160000000003,76.15363418615003,36,0,14
2026-04-10T15:00:00+08:00,231,0.2,0.8,191541.4700000001,38308.294000000016,171233.17600000006,161694.72,161694.72,0.0,74.77794249296878,41,0,9
2026-04-10T16:00:00+08:00,232,0.2,0.8,137958.02000000005,27591.60400000001,128366.41600000004,121109.76,121109.76,0.0,69.8576822399097,39,3,8
2026-04-10T17:00:00+08:00,233,0.2,0.8,115813.40999999996,23162.681999999993,110650.72799999997,83422.8,83422.8,0.0,53.596151506596236,49,0,1
2026-04-10T18:00:00+08:00,234,0.2,0.8,28799.539999999994,5759.907999999999,41039.632,35000.0,35000.0,0.0,40.67892805492241,29,2,19
2026-04-10T19:00:00+08:00,235,0.2,0.8,1915.1799999999998,383.036,19532.144,35000.0,19532.144,15467.856,30.267309885132594,22,1,27
2026-04-10T20:00:00+08:00,236,0.2,0.8,0.0,0.0,18000.0,8000.0,8000.0,0.0,12.698412698412698,20,4,26
2026-04-10T21:00:00+08:00,237,0.2,0.8,0.0,0.0,18000.0,8000.0,8000.0,0.0,12.698412698412698,22,1,27
2026-04-10T22:00:00+08:00,238,0.2,0.8,0.0,0.0,18000.0,8000.0,8000.0,0.0,12.698412698412698,24,3,23
2026-04-10T23:00:00+08:00,239,0.2,0.8,0.0,0.0,18000.0,8000.0,8000.0,0.0,12.698412698412698,41,1,8
2026-04-11T00:00:00+08:00,240,0.2,0.8,0.0,0.0,18000.0,8000.0,8000.0,0.0,12.698412698412698,45,3,2
2026-04-11T01:00:00+08:00,241,0.2,0.8,0.0,0.0,18000.0,8000.0,8000.0,0.0,12.698412698412698,47,2,1
2026-04-11T02:00:00+08:00,242,0.2,0.8,0.0,0.0,18000.0,8000.0,8000.0,0.0,12.698412698412698,44,6,0
2026-04-11T03:00:00+08:00,243,0.2,0.8,0.0,0.0,18000.0,8000.0,8000.0,0.0,12.698412698412698,48,2,0
2026-04-11T04:00:00+08:00,244,0.2,0.8,0.0,0.0,18000.0,8000.0,8000.0,0.0,12.698412698412698,49,1,0
2026-04-11T05:00:00+08:00,245,0.2,0.8,0.0,0.0,18000.0,8000.0,8000.0,0.0,12.698412698412698,48,2,0
2026-04-11T06:00:00+08:00,246,0.2,0.8,610.9699999999999,122.19399999999999,18488.776,35000.0,18488.776,16511.224,29.121330044227033,46,2,2
2026-04-11T07:00:00+08:00,247,0.2,0.8,8451.740000000002,1690.3480000000004,24761.392,35000.0,24761.392,10238.608,35.49440641895449,38,5,7
2026-04-11T08:00:00+08:00,248,0.2,0.8,27862.79,5572.558000000001,40290.232,38844.72,38844.72,0.0,45.544160320726995,31,0,19
2026-04-11T09:00:00+08:00,249,0.2,0.8,24919.05,4983.81,37935.240000000005,80096.4,37935.240000000005,42161.15999999999,45.740797277490245,14,0,36
2026-04-11T10:00:00+08:00,250,0.2,0.8,19228.170000000002,3845.6340000000005,33382.536,101426.4,33382.536,68043.864,42.58925227935978,10,3,37
2026-04-11T11:00:00+08:00,251,0.2,0.8,24732.190000000002,4946.438000000001,37785.75200000001,134250.47999999998,37785.75200000001,96464.72799999997,45.64282027660992,14,1,35
2026-04-11T12:00:00+08:00,252,0.2,0.8,59232.520000000004,11846.504,65386.016,140173.19999999998,65386.016,74787.18399999998,59.233966737235995,20,2,28
2026-04-11T13:00:00+08:00,253,0.2,0.8,74359.85999999999,14871.971999999998,77487.88799999999,146854.08,77487.88799999999,69366.192,63.261673676665886,27,1,22
2026-04-11T14:00:00+08:00,254,0.2,0.8,130356.15,26071.23,122284.92,134199.36,122284.92,11914.439999999988,73.09978687857819,39,2,9
2026-04-11T15:00:00+08:00,255,0.2,0.8,141281.49,28256.298,131025.192,107959.68,107959.68,0.0,61.33194844065275,49,0,1
2026-04-11T16:00:00+08:00,256,0.2,0.8,104058.67000000006,20811.73400000001,101246.93600000005,74930.4,74930.4,0.0,51.23553494481414,47,1,2
2026-04-11T17:00:00+08:00,257,0.2,0.8,79011.17999999998,15802.235999999997,81208.94399999999,56919.6,56919.6,0.0,45.09949786126093,50,0,0
2026-04-11T18:00:00+08:00,258,0.2,0.8,24310.690000000006,4862.138000000002,37448.55200000001,35000.0,35000.0,0.0,42.45071520479826,34,2,14
2026-04-11T19:00:00+08:00,259,0.2,0.8,206.23,41.246,18164.984,35000.0,18164.984,16835.016,28.75799667739962,22,0,28
2026-04-11T20:00:00+08:00,260,0.2,0.8,0.0,0.0,18000.0,8000.0,8000.0,0.0,12.698412698412698,27,4,19
2026-04-11T21:00:00+08:00,261,0.2,0.8,0.0,0.0,18000.0,8000.0,8000.0,0.0,12.698412698412698,28,3,19
2026-04-11T22:00:00+08:00,262,0.2,0.8,0.0,0.0,18000.0,8000.0,8000.0,0.0,12.698412698412698,29,3,18
2026-04-11T23:00:00+08:00,263,0.2,0.8,0.0,0.0,18000.0,8000.0,8000.0,0.0,12.698412698412698,36,2,12
2026-04-12T00:00:00+08:00,264,0.2,0.8,0.0,0.0,18000.0,8000.0,8000.0,0.0,12.698412698412698,48,1,1
2026-04-12T01:00:00+08:00,265,0.2,0.8,0.0,0.0,18000.0,8000.0,8000.0,0.0,12.698412698412698,46,4,0
2026-04-12T02:00:00+08:00,266,0.2,0.8,0.0,0.0,18000.0,8000.0,8000.0,0.0,12.698412698412698,48,2,0
2026-04-12T03:00:00+08:00,267,0.2,0.8,0.0,0.0,18000.0,8000.0,8000.0,0.0,12.698412698412698,49,1,0
2026-04-12T04:00:00+08:00,268,0.2,0.8,0.0,0.0,18000.0,8000.0,8000.0,0.0,12.698412698412698,49,1,0
2026-04-12T05:00:00+08:00,269,0.2,0.8,0.0,0.0,18000.0,8000.0,8000.0,0.0,12.698412698412698,49,1,0
2026-04-12T06:00:00+08:00,270,0.2,0.8,340.90000000000003,68.18,18272.72,35000.0,18272.72,16727.28,28.87930217003473,48,2,0
2026-04-12T07:00:00+08:00,271,0.2,0.8,8436.86,1687.3720000000003,24749.488,35000.0,24749.488,10250.511999999999,35.483397383504816,45,0,5
2026-04-12T08:00:00+08:00,272,0.2,0.8,20325.420000000002,4065.0840000000007,34260.336,35000.0,34260.336,739.663999999997,43.22507035549281,30,1,19
2026-04-12T09:00:00+08:00,273,0.2,0.8,16319.23,3263.846,31055.384,62313.119999999995,31055.384,31257.735999999997,40.832591154887865,11,2,37
2026-04-12T10:00:00+08:00,274,0.2,0.8,12521.24,2504.248,28016.992,69419.52,28016.992,41402.528000000006,38.37050970272782,12,7,31
2026-04-12T11:00:00+08:00,275,0.2,0.8,42687.25000000001,8537.450000000003,52149.80000000001,108414.72,52149.80000000001,56264.91999999999,53.67978112152573,20,0,30
2026-04-12T12:00:00+08:00,276,0.2,0.8,51971.52999999999,10394.305999999999,59577.223999999995,114076.8,59577.223999999995,54499.57600000001,56.969597892558326,23,2,25
2026-04-12T13:00:00+08:00,277,0.2,0.8,63158.55,12631.710000000001,68526.84,119546.64,68526.84,51019.8,60.36179638224758,24,3,23
2026-04-12T14:00:00+08:00,278,0.2,0.8,102857.63999999998,20571.528,100286.112,124455.59999999999,100286.112,24169.487999999998,69.02663346101518,27,2,21
2026-04-12T15:00:00+08:00,279,0.2,0.8,128094.70999999998,25618.941999999995,120475.76799999998,94715.28,94715.28,0.0,57.238157069620016,47,0,3
2026-04-12T16:00:00+08:00,280,0.2,0.8,104182.61000000003,20836.522000000008,101346.08800000003,75022.56,75022.56,0.0,51.26379599569479,48,2,0
2026-04-12T17:00:00+08:00,281,0.2,0.8,73366.52,14673.304000000002,76693.21600000001,55023.84,55023.84,0.0,45.21520739496275,47,2,1
2026-04-12T18:00:00+08:00,282,0.2,0.8,15824.45,3164.8900000000003,30659.56,35000.0,30659.56,4340.439999999999,40.523048244002474,28,3,19
2026-04-12T19:00:00+08:00,283,0.2,0.8,2137.51,427.50200000000007,19710.008,35000.0,19710.008,15289.991999999998,30.45897939001955,21,2,27
2026-04-12T20:00:00+08:00,284,0.2,0.8,0.0,0.0,18000.0,8000.0,8000.0,0.0,12.698412698412698,20,0,30
2026-04-12T21:00:00+08:00,285,0.2,0.8,0.0,0.0,18000.0,8000.0,8000.0,0.0,12.698412698412698,21,6,23
2026-04-12T22:00:00+08:00,286,0.2,0.8,0.0,0.0,18000.0,8000.0,8000.0,0.0,12.698412698412698,29,4,17
2026-04-12T23:00:00+08:00,287,0.2,0.8,0.0,0.0,18000.0,8000.0,8000.0,0.0,12.698412698412698,40,2,8
2026-04-13T00:00:00+08:00,288,0.2,0.8,0.0,0.0,18000.0,8000.0,8000.0,0.0,12.698412698412698,47,0,3
2026-04-13T01:00:00+08:00,289,0.2,0.8,0.0,0.0,18000.0,8000.0,8000.0,0.0,12.698412698412698,46,2,2
2026-04-13T02:00:00+08:00,290,0.2,0.8,0.0,0.0,18000.0,8000.0,8000.0,0.0,12.698412698412698,48,2,0
2026-04-13T03:00:00+08:00,291,0.2,0.8,0.0,0.0,18000.0,8000.0,8000.0,0.0,12.698412698412698,48,2,0
2026-04-13T04:00:00+08:00,292,0.2,0.8,0.0,0.0,18000.0,8000.0,8000.0,0.0,12.698412698412698,45,5,0
2026-04-13T05:00:00+08:00,293,0.2,0.8,0.0,0.0,18000.0,8000.0,8000.0,0.0,12.698412698412698,48,2,0
2026-04-13T06:00:00+08:00,294,0.2,0.8,399.46,79.892,18319.568,35000.0,18319.568,16680.432,28.931921961312177,46,2,2
2026-04-13T07:00:00+08:00,295,0.2,0.8,7791.72,1558.344,24233.376,35000.0,24233.376,10766.624,35.00244737451486,45,4,1
2026-04-13T08:00:00+08:00,296,0.2,0.8,17535.56,3507.1120000000005,32028.448000000004,35000.0,32028.448000000004,2971.551999999996,41.58002508371972,30,1,19
2026-04-13T09:00:00+08:00,297,0.2,0.8,30428.910000000003,6085.782000000001,42343.128000000004,53553.6,42343.128000000004,11210.471999999994,48.47906065374715,23,2,25
2026-04-13T10:00:00+08:00,298,0.2,0.8,30171.449999999997,6034.29,42137.16,78786.72,42137.16,36649.56,48.35727948902626,17,0,33
2026-04-13T11:00:00+08:00,299,0.2,0.8,23599.34,4719.868,36879.472,106837.92,36879.472,69958.448,45.04116978184715,11,1,38
2026-04-13T12:00:00+08:00,300,0.2,0.8,31158.890000000003,6231.778000000001,42927.11200000001,112554.0,42927.11200000001,69626.88799999999,48.82124639781187,14,1,35
2026-04-13T13:00:00+08:00,301,0.2,0.8,45821.34,9164.268,54657.072,123269.04,54657.072,68611.968,54.845151380726904,13,4,33
2026-04-13T14:00:00+08:00,302,0.2,0.8,81780.48999999998,16356.097999999996,83424.39199999999,143638.56,83424.39199999999,60214.168000000005,64.9599275502118,22,1,27
2026-04-13T15:00:00+08:00,303,0.2,0.8,123532.07999999996,24706.415999999994,116825.66399999998,97616.16,97616.16,0.0,60.3218040866497,44,2,4
2026-04-13T16:00:00+08:00,304,0.2,0.8,71266.63000000002,14253.326000000005,75013.30400000002,83669.04,75013.30400000002,8655.735999999975,62.50415703912294,38,0,12
2026-04-13T17:00:00+08:00,305,0.2,0.8,69380.59,13876.118,73504.47200000001,49959.36,49959.36,0.0,42.15820648523711,48,2,0
2026-04-13T18:00:00+08:00,306,0.2,0.8,29516.68,5903.336,41613.344,35000.0,35000.0,0.0,40.40947778208402,33,1,16
2026-04-13T19:00:00+08:00,307,0.2,0.8,4383.04,876.6080000000001,21506.432,35000.0,21506.432,13493.568,32.337371519193816,25,3,22
2026-04-13T20:00:00+08:00,308,0.2,0.8,0.0,0.0,18000.0,8000.0,8000.0,0.0,12.698412698412698,22,3,25
2026-04-13T21:00:00+08:00,309,0.2,0.8,0.0,0.0,18000.0,8000.0,8000.0,0.0,12.698412698412698,26,5,19
2026-04-13T22:00:00+08:00,310,0.2,0.8,0.0,0.0,18000.0,8000.0,8000.0,0.0,12.698412698412698,34,3,13
2026-04-13T23:00:00+08:00,311,0.2,0.8,0.0,0.0,18000.0,8000.0,8000.0,0.0,12.698412698412698,45,1,4
2026-04-14T00:00:00+08:00,312,0.2,0.8,0.0,0.0,18000.0,8000.0,8000.0,0.0,12.698412698412698,46,3,1
2026-04-14T01:00:00+08:00,313,0.2,0.8,0.0,0.0,18000.0,8000.0,8000.0,0.0,12.698412698412698,46,3,1
2026-04-14T02:00:00+08:00,314,0.2,0.8,0.0,0.0,18000.0,8000.0,8000.0,0.0,12.698412698412698,49,1,0
2026-04-14T03:00:00+08:00,315,0.2,0.8,0.0,0.0,18000.0,8000.0,8000.0,0.0,12.698412698412698,47,3,0
2026-04-14T04:00:00+08:00,316,0.2,0.8,0.0,0.0,18000.0,8000.0,8000.0,0.0,12.698412698412698,48,2,0
2026-04-14T05:00:00+08:00,317,0.2,0.8,0.0,0.0,18000.0,8000.0,8000.0,0.0,12.698412698412698,46,4,0
2026-04-14T06:00:00+08:00,318,0.2,0.8,310.6500000000001,62.130000000000024,18248.52,35000.0,18248.52,16751.48,28.852090135864046,49,0,1
2026-04-14T07:00:00+08:00,319,0.2,0.8,9127.890000000003,1825.5780000000007,25302.312,35000.0,25302.312,9697.687999999998,35.99072531213483,41,4,5
2026-04-14T08:00:00+08:00,320,0.2,0.8,18305.109999999997,3661.0219999999995,32644.087999999996,35000.0,32644.087999999996,2355.912000000004,42.04323708458009,29,2,19
2026-04-14T09:00:00+08:00,321,0.2,0.8,25568.6,5113.72,38454.880000000005,52500.96,38454.880000000005,14046.079999999994,46.07864752786176,21,1,28
2026-04-14T10:00:00+08:00,322,0.2,0.8,21243.68,4248.736,34994.944,77248.08,34994.944,42253.136,43.746444775309804,11,4,35
2026-04-14T11:00:00+08:00,323,0.2,0.8,38192.74,7638.548,48554.191999999995,106866.72,48554.191999999995,58312.528000000006,51.89953647400428,14,2,34
2026-04-14T12:00:00+08:00,324,0.2,0.8,56282.57999999999,11256.515999999998,63026.06399999999,122110.56,63026.06399999999,59084.49600000001,58.34338646273366,19,3,28
2026-04-14T13:00:00+08:00,325,0.2,0.8,91532.35,18306.47,91225.88,151061.04,91225.88,59835.16,66.96662924842181,25,3,22
2026-04-14T14:00:00+08:00,326,0.2,0.8,123624.65999999999,24724.932,116899.728,156373.19999999998,116899.728,39473.47199999998,72.20501815790574,33,1,16
2026-04-14T15:00:00+08:00,327,0.2,0.8,135190.62000000002,27038.124000000007,126152.49600000003,122130.0,122130.0,0.0,71.35741683837317,42,1,7
2026-04-14T16:00:00+08:00,328,0.2,0.8,137911.65,27582.33,128329.32,99310.31999999999,99310.31999999999,0.0,57.29574200141095,48,2,0
2026-04-14T17:00:00+08:00,329,0.2,0.8,88283.76000000001,17656.752000000004,88627.00800000002,63606.96,63606.96,0.0,47.60037731294559,48,1,1
2026-04-14T18:00:00+08:00,330,0.2,0.8,22248.310000000005,4449.662000000001,35798.648,35000.0,35000.0,0.0,43.317556501687996,28,4,18
2026-04-14T19:00:00+08:00,331,0.2,0.8,4531.25,906.25,21625.0,35000.0,21625.0,13375.0,32.4577861163227,22,2,26
2026-04-14T20:00:00+08:00,332,0.2,0.8,0.0,0.0,18000.0,8000.0,8000.0,0.0,12.698412698412698,19,1,30
2026-04-14T21:00:00+08:00,333,0.2,0.8,0.0,0.0,18000.0,8000.0,8000.0,0.0,12.698412698412698,25,2,23
2026-04-14T22:00:00+08:00,334,0.2,0.8,0.0,0.0,18000.0,8000.0,8000.0,0.0,12.698412698412698,32,1,17
2026-04-14T23:00:00+08:00,335,0.2,0.8,0.0,0.0,18000.0,8000.0,8000.0,0.0,12.698412698412698,44,3,3
2026-04-15T00:00:00+08:00,336,0.2,0.8,0.0,0.0,18000.0,8000.0,8000.0,0.0,12.698412698412698,45,4,1
2026-04-15T01:00:00+08:00,337,0.2,0.8,0.0,0.0,18000.0,8000.0,8000.0,0.0,12.698412698412698,48,2,0
2026-04-15T02:00:00+08:00,338,0.2,0.8,0.0,0.0,18000.0,8000.0,8000.0,0.0,12.698412698412698,49,1,0
2026-04-15T03:00:00+08:00,339,0.2,0.8,0.0,0.0,18000.0,8000.0,8000.0,0.0,12.698412698412698,47,3,0
2026-04-15T04:00:00+08:00,340,0.2,0.8,0.0,0.0,18000.0,8000.0,8000.0,0.0,12.698412698412698,49,1,0
2026-04-15T05:00:00+08:00,341,0.2,0.8,0.0,0.0,18000.0,8000.0,8000.0,0.0,12.698412698412698,49,1,0
2026-04-15T06:00:00+08:00,342,0.2,0.8,958.0899999999999,191.618,18766.472,35000.0,18766.472,16233.527999999998,29.429998887189495,45,2,3
2026-04-15T07:00:00+08:00,343,0.2,0.8,9422.03,1884.4060000000002,25537.624,35000.0,25537.624,9462.376,36.20425887892113,30,5,15
2026-04-15T08:00:00+08:00,344,0.2,0.8,28851.719999999998,5770.344,41081.376000000004,54210.24,41081.376000000004,13128.863999999994,47.723883967654054,25,0,25
2026-04-15T09:00:00+08:00,345,0.2,0.8,21823.21,4364.642,35458.568,101478.95999999999,35458.568,66020.39199999999,44.07059295412764,9,0,41
2026-04-15T10:00:00+08:00,346,0.2,0.8,18829.47,3765.8940000000002,33063.576,103376.87999999999,33063.576,70313.30399999999,42.35467767963897,7,6,37
2026-04-15T11:00:00+08:00,347,0.2,0.8,46261.88000000001,9252.376000000002,55009.50400000001,164095.19999999998,55009.50400000001,109085.69599999997,55.00427639357155,11,0,39
2026-04-15T12:00:00+08:00,348,0.2,0.8,35356.03,7071.206,46284.824,176006.88,46284.824,129722.05600000001,50.703744578616934,8,2,40
2026-04-15T13:00:00+08:00,349,0.2,0.8,110635.71,22127.142000000003,106508.56800000001,172013.04,106508.56800000001,65504.471999999994,70.29870944328376,25,3,22
2026-04-15T14:00:00+08:00,350,0.2,0.8,175224.02000000002,35044.804000000004,158179.21600000001,179201.52,158179.21600000001,21022.303999999975,77.85206534117151,37,0,13
2026-04-15T15:00:00+08:00,351,0.2,0.8,201989.35999999993,40397.87199999999,179591.48799999995,145506.24,145506.24,0.0,64.7870679765032,48,2,0
2026-04-15T16:00:00+08:00,352,0.2,0.8,149405.95999999996,29881.191999999995,137524.76799999998,108359.28,108359.28,0.0,59.36689096353214,46,3,1
2026-04-15T17:00:00+08:00,353,0.2,0.8,97459.38000000002,19491.876000000004,95967.50400000002,70171.92,70171.92,0.0,49.77879157170861,48,2,0
2026-04-15T18:00:00+08:00,354,0.2,0.8,19135.93,3827.186,33308.744,35000.0,33308.744,1691.2560000000012,42.535152907062326,25,4,21
2026-04-15T19:00:00+08:00,355,0.2,0.8,699.06,139.81199999999998,18559.248,35000.0,18559.248,16440.752,29.199917532063942,17,1,32
2026-04-15T20:00:00+08:00,356,0.2,0.8,0.0,0.0,18000.0,8000.0,8000.0,0.0,12.698412698412698,17,1,32
2026-04-15T21:00:00+08:00,357,0.2,0.8,0.0,0.0,18000.0,8000.0,8000.0,0.0,12.698412698412698,16,2,32
2026-04-15T22:00:00+08:00,358,0.2,0.8,0.0,0.0,18000.0,8000.0,8000.0,0.0,12.698412698412698,22,4,24
2026-04-15T23:00:00+08:00,359,0.2,0.8,0.0,0.0,18000.0,8000.0,8000.0,0.0,12.698412698412698,38,2,10
2026-04-16T00:00:00+08:00,360,0.2,0.8,0.0,0.0,18000.0,8000.0,8000.0,0.0,12.698412698412698,48,0,2
2026-04-16T01:00:00+08:00,361,0.2,0.8,0.0,0.0,18000.0,8000.0,8000.0,0.0,12.698412698412698,49,0,1
2026-04-16T02:00:00+08:00,362,0.2,0.8,0.0,0.0,18000.0,8000.0,8000.0,0.0,12.698412698412698,47,3,0
2026-04-16T03:00:00+08:00,363,0.2,0.8,0.0,0.0,18000.0,8000.0,8000.0,0.0,12.698412698412698,46,4,0
2026-04-16T04:00:00+08:00,364,0.2,0.8,0.0,0.0,18000.0,8000.0,8000.0,0.0,12.698412698412698,49,1,0
2026-04-16T05:00:00+08:00,365,0.2,0.8,0.0,0.0,18000.0,8000.0,8000.0,0.0,12.698412698412698,45,5,0
2026-04-16T06:00:00+08:00,366,0.2,0.8,1017.1800000000001,203.43600000000004,18813.744,35000.0,18813.744,16186.256000000001,29.48227579312695,47,1,2
2026-04-16T07:00:00+08:00,367,0.2,0.8,10614.850000000004,2122.9700000000007,26491.880000000005,35000.0,26491.880000000005,8508.119999999995,37.05578871334759,44,0,6
2026-04-16T08:00:00+08:00,368,0.2,0.8,14251.86,2850.3720000000003,29401.488,36438.479999999996,29401.488,7036.991999999995,39.51733868548436,22,1,27
2026-04-16T09:00:00+08:00,369,0.2,0.8,16564.53,3312.906,31251.624,81836.64,31251.624,50585.016,40.98486348303874,10,2,38
2026-04-16T10:00:00+08:00,370,0.2,0.8,24263.01,4852.602,37410.407999999996,115369.92,37410.407999999996,77959.512,45.39524667806523,9,1,40
2026-04-16T11:00:00+08:00,371,0.2,0.8,39528.119999999995,7905.624,49622.496,139798.8,49622.496,90176.30399999999,52.44259885091173,12,1,37
2026-04-16T12:00:00+08:00,372,0.2,0.8,80222.22999999998,16044.445999999996,82177.78399999999,109170.0,82177.78399999999,26992.216000000015,64.61646162980792,26,5,19
2026-04-16T13:00:00+08:00,373,0.2,0.8,107235.83,21447.166,103788.664,111494.87999999999,103788.664,7706.215999999986,69.75576042540446,38,1,11
2026-04-16T14:00:00+08:00,374,0.2,0.8,89100.45999999998,17820.091999999997,89280.36799999999,90968.40000000001,89280.36799999999,1688.032000000021,66.48802749780965,38,3,9
2026-04-16T15:00:00+08:00,375,0.2,0.8,93137.62,18627.524,92510.096,69197.76,69197.76,0.0,50.32194872440492,43,4,3
2026-04-16T16:00:00+08:00,376,0.2,0.8,77412.06999999998,15482.413999999997,79929.65599999999,55736.64,55736.64,0.0,44.614418853438615,46,2,2
2026-04-16T17:00:00+08:00,377,0.2,0.8,55375.17,11075.034,62300.136,42306.479999999996,42306.479999999996,0.0,39.42816996988709,45,2,3
2026-04-16T18:00:00+08:00,378,0.2,0.8,23019.420000000006,4603.884000000001,36415.53600000001,35000.0,35000.0,0.0,42.98933805459439,39,0,11
2026-04-16T19:00:00+08:00,379,0.2,0.8,2553.5,510.70000000000005,20042.8,35000.0,20042.8,14957.2,30.814786571303816,26,5,19
2026-04-16T20:00:00+08:00,380,0.2,0.8,0.0,0.0,18000.0,8000.0,8000.0,0.0,12.698412698412698,33,0,17
2026-04-16T21:00:00+08:00,381,0.2,0.8,0.0,0.0,18000.0,8000.0,8000.0,0.0,12.698412698412698,35,5,10
2026-04-16T22:00:00+08:00,382,0.2,0.8,0.0,0.0,18000.0,8000.0,8000.0,0.0,12.698412698412698,38,2,10
2026-04-16T23:00:00+08:00,383,0.2,0.8,0.0,0.0,18000.0,8000.0,8000.0,0.0,12.698412698412698,43,1,6
2026-04-17T00:00:00+08:00,384,0.2,0.8,0.0,0.0,18000.0,8000.0,8000.0,0.0,12.698412698412698,45,3,2
2026-04-17T01:00:00+08:00,385,0.2,0.8,0.0,0.0,18000.0,8000.0,8000.0,0.0,12.698412698412698,45,5,0
2026-04-17T02:00:00+08:00,386,0.2,0.8,0.0,0.0,18000.0,8000.0,8000.0,0.0,12.698412698412698,48,2,0
2026-04-17T03:00:00+08:00,387,0.2,0.8,0.0,0.0,18000.0,8000.0,8000.0,0.0,12.698412698412698,46,4,0
2026-04-17T04:00:00+08:00,388,0.2,0.8,0.0,0.0,18000.0,8000.0,8000.0,0.0,12.698412698412698,48,2,0
2026-04-17T05:00:00+08:00,389,0.2,0.8,0.0,0.0,18000.0,8000.0,8000.0,0.0,12.698412698412698,49,1,0
2026-04-17T06:00:00+08:00,390,0.2,0.8,1108.2900000000002,221.65800000000004,18886.632,35000.0,18886.632,16113.367999999999,29.562729179400165,48,0,2
2026-04-17T07:00:00+08:00,391,0.2,0.8,12231.95,2446.3900000000003,27785.56,35000.0,27785.56,7214.439999999999,38.17455000689697,44,1,5
2026-04-17T08:00:00+08:00,392,0.2,0.8,22866.38,4573.276000000001,36293.10400000001,37060.56,36293.10400000001,767.455999999991,44.644751171021845,23,1,26
2026-04-17T09:00:00+08:00,393,0.2,0.8,28076.64,5615.328,40461.312000000005,70504.56,40461.312000000005,30043.247999999992,47.34459494373314,16,3,31
2026-04-17T10:00:00+08:00,394,0.2,0.8,32917.65,6583.530000000001,44334.12,85572.72,44334.12,41238.6,49.62730925205286,15,2,33
2026-04-17T11:00:00+08:00,395,0.2,0.8,27444.75,5488.950000000001,39955.8,131981.04,39955.8,92025.24,47.03127979490512,9,4,37
2026-04-17T12:00:00+08:00,396,0.2,0.8,71812.53,14362.506000000001,75450.024,156911.04,75450.024,81461.016,62.640107070464346,21,1,28
2026-04-17T13:00:00+08:00,397,0.2,0.8,88024.59000000001,17604.918,88419.672,138041.28,88419.672,49621.60799999999,66.27184033251109,27,5,18
2026-04-17T14:00:00+08:00,398,0.2,0.8,112803.55,22560.710000000003,108242.84000000001,173047.68,108242.84000000001,64804.83999999998,70.63484336364426,25,3,22
2026-04-17T15:00:00+08:00,399,0.2,0.8,169599.68999999997,33919.937999999995,153679.75199999998,140033.52,140033.52,0.0,70.48202878771461,46,0,4
2026-04-17T16:00:00+08:00,400,0.2,0.8,152083.14000000007,30416.628000000015,139666.51200000005,109532.87999999999,109532.87999999999,0.0,59.31388361307217,48,2,0
2026-04-17T17:00:00+08:00,401,0.2,0.8,100609.65000000004,20121.930000000008,98487.72000000003,73345.68,73345.68,0.0,51.11634640232626,47,1,2
2026-04-17T18:00:00+08:00,402,0.2,0.8,35211.91000000001,7042.382000000002,46169.528000000006,35000.0,35000.0,0.0,38.39001996368786,32,3,15
2026-04-17T19:00:00+08:00,403,0.2,0.8,1289.4,257.88000000000005,19031.52,35000.0,19031.52,15968.48,29.722111859908992,19,3,28
2026-04-17T20:00:00+08:00,404,0.2,0.8,0.0,0.0,18000.0,8000.0,8000.0,0.0,12.698412698412698,20,2,28
2026-04-17T21:00:00+08:00,405,0.2,0.8,0.0,0.0,18000.0,8000.0,8000.0,0.0,12.698412698412698,20,2,28
2026-04-17T22:00:00+08:00,406,0.2,0.8,0.0,0.0,18000.0,8000.0,8000.0,0.0,12.698412698412698,27,3,20
2026-04-17T23:00:00+08:00,407,0.2,0.8,0.0,0.0,18000.0,8000.0,8000.0,0.0,12.698412698412698,37,6,7
2026-04-18T00:00:00+08:00,408,0.2,0.8,0.0,0.0,18000.0,8000.0,8000.0,0.0,12.698412698412698,49,1,0
2026-04-18T01:00:00+08:00,409,0.2,0.8,0.0,0.0,18000.0,8000.0,8000.0,0.0,12.698412698412698,45,5,0
2026-04-18T02:00:00+08:00,410,0.2,0.8,0.0,0.0,18000.0,8000.0,8000.0,0.0,12.698412698412698,48,2,0
2026-04-18T03:00:00+08:00,411,0.2,0.8,0.0,0.0,18000.0,8000.0,8000.0,0.0,12.698412698412698,47,3,0
2026-04-18T04:00:00+08:00,412,0.2,0.8,0.0,0.0,18000.0,8000.0,8000.0,0.0,12.698412698412698,45,5,0
2026-04-18T05:00:00+08:00,413,0.2,0.8,0.0,0.0,18000.0,8000.0,8000.0,0.0,12.698412698412698,44,6,0
2026-04-18T06:00:00+08:00,414,0.2,0.8,922.38,184.476,18737.904,35000.0,18737.904,16262.096000000001,29.39836866929292,50,0,0
2026-04-18T07:00:00+08:00,415,0.2,0.8,12502.420000000002,2500.4840000000004,28001.936,35000.0,28001.936,6998.0639999999985,38.35779916850424,42,3,5
2026-04-18T08:00:00+08:00,416,0.2,0.8,21660.83,4332.166,35328.664000000004,35000.0,35000.0,0.0,43.57099727190782,22,4,24
2026-04-18T09:00:00+08:00,417,0.2,0.8,38469.479999999996,7693.896,48775.584,71308.8,48775.584,22533.216,52.01309543430836,21,0,29
2026-04-18T10:00:00+08:00,418,0.2,0.8,23044.019999999997,4608.803999999999,36435.216,120184.56,36435.216,83749.344,44.74135121100434,10,4,36
2026-04-18T11:00:00+08:00,419,0.2,0.8,39820.7,7964.139999999999,49856.56,160292.16,49856.56,110435.6,52.55994946474972,9,1,40
2026-04-18T12:00:00+08:00,420,0.2,0.8,58903.75,11780.75,65123.0,171756.0,65123.0,106633.0,59.136601799805675,14,4,32
2026-04-18T13:00:00+08:00,421,0.2,0.8,85020.21999999999,17004.043999999998,86016.17599999999,179431.19999999998,86016.17599999999,93415.02399999999,65.6530961489824,16,5,29
2026-04-18T14:00:00+08:00,422,0.2,0.8,155185.00999999995,31037.001999999993,142148.00799999997,204791.75999999998,142148.00799999997,62643.75200000001,75.95486028363176,26,0,24
2026-04-18T15:00:00+08:00,423,0.2,0.8,197359.98,39471.99600000001,175887.98400000003,148341.6,148341.6,0.0,67.1569350734805,43,4,3
2026-04-18T16:00:00+08:00,424,0.2,0.8,179769.89,35953.978,161815.912,129519.36,129519.36,0.0,62.62543280518957,48,1,1
2026-04-18T17:00:00+08:00,425,0.2,0.8,116674.20000000003,23334.840000000007,111339.36000000003,84011.04,84011.04,0.0,53.736333575882604,47,2,1
2026-04-18T18:00:00+08:00,426,0.2,0.8,30670.129999999994,6134.025999999999,42536.10399999999,35000.0,35000.0,0.0,39.98350212159317,34,0,16
2026-04-18T19:00:00+08:00,427,0.2,0.8,808.16,161.632,18646.528,35000.0,18646.528,16353.472000000002,29.297007371713974,22,3,25
2026-04-18T20:00:00+08:00,428,0.2,0.8,0.0,0.0,18000.0,8000.0,8000.0,0.0,12.698412698412698,22,0,28
2026-04-18T21:00:00+08:00,429,0.2,0.8,0.0,0.0,18000.0,8000.0,8000.0,0.0,12.698412698412698,22,1,27
2026-04-18T22:00:00+08:00,430,0.2,0.8,0.0,0.0,18000.0,8000.0,8000.0,0.0,12.698412698412698,26,2,22
2026-04-18T23:00:00+08:00,431,0.2,0.8,0.0,0.0,18000.0,8000.0,8000.0,0.0,12.698412698412698,38,0,12
2026-04-19T00:00:00+08:00,432,0.2,0.8,0.0,0.0,18000.0,8000.0,8000.0,0.0,12.698412698412698,47,3,0
2026-04-19T01:00:00+08:00,433,0.2,0.8,0.0,0.0,18000.0,8000.0,8000.0,0.0,12.698412698412698,47,3,0
2026-04-19T02:00:00+08:00,434,0.2,0.8,0.0,0.0,18000.0,8000.0,8000.0,0.0,12.698412698412698,49,1,0
2026-04-19T03:00:00+08:00,435,0.2,0.8,0.0,0.0,18000.0,8000.0,8000.0,0.0,12.698412698412698,47,3,0
2026-04-19T04:00:00+08:00,436,0.2,0.8,0.0,0.0,18000.0,8000.0,8000.0,0.0,12.698412698412698,48,2,0
2026-04-19T05:00:00+08:00,437,0.2,0.8,0.0,0.0,18000.0,8000.0,8000.0,0.0,12.698412698412698,46,4,0
2026-04-19T06:00:00+08:00,438,0.2,0.8,1799.7299999999998,359.94599999999997,19439.784,35000.0,19439.784,15560.216,30.167363689487225,47,1,2
2026-04-19T07:00:00+08:00,439,0.2,0.8,13329.609999999999,2665.922,28663.688000000002,35000.0,28663.688000000002,6336.311999999998,38.91155707544809,33,2,15
2026-04-19T08:00:00+08:00,440,0.2,0.8,20113.06,4022.6120000000005,34090.448000000004,57746.159999999996,34090.448000000004,23655.711999999992,43.10311657357157,15,1,34
2026-04-19T09:00:00+08:00,441,0.2,0.8,27947.469999999994,5589.493999999999,40357.975999999995,107619.12,40357.975999999995,67261.144,47.280849302237435,11,2,37
2026-04-19T10:00:00+08:00,442,0.2,0.8,16526.06,3305.2120000000004,31220.848,159030.0,31220.848,127809.152,40.961034702736455,4,2,44
2026-04-19T11:00:00+08:00,443,0.2,0.8,32164.170000000002,6432.834000000001,43731.336,191468.88,43731.336,147737.544,49.285109377818905,6,1,43
2026-04-19T12:00:00+08:00,444,0.2,0.8,86481.62,17296.324,87185.296,192293.28,87185.296,105107.984,65.95687919781939,18,0,32
2026-04-19T13:00:00+08:00,445,0.2,0.8,142591.35,28518.270000000004,132073.08000000002,162358.56,132073.08000000002,30285.47999999998,74.58676383784594,34,1,15
2026-04-19T14:00:00+08:00,446,0.2,0.8,185494.24,37098.848,166395.392,155473.91999999998,155473.91999999998,0.0,73.54650379512529,42,1,7
2026-04-19T15:00:00+08:00,447,0.2,0.8,178046.98,35609.396,160437.584,135309.6,135309.6,0.0,65.86409232694247,44,2,4
2026-04-19T16:00:00+08:00,448,0.2,0.8,129719.89,25943.978000000003,121775.91200000001,93404.88,93404.88,0.0,56.00621749260768,49,1,0
2026-04-19T17:00:00+08:00,449,0.2,0.8,91233.28000000001,18246.656000000003,90986.62400000001,67672.8,67672.8,0.0,49.76430623058926,48,1,1
2026-04-19T18:00:00+08:00,450,0.2,0.8,22936.720000000005,4587.344000000001,36349.376000000004,35000.0,35000.0,0.0,43.024300518297764,28,0,22
2026-04-19T19:00:00+08:00,451,0.2,0.8,950.88,190.17600000000002,18760.704,35000.0,18760.704,16239.295999999998,29.42361489609651,16,2,32
2026-04-19T20:00:00+08:00,452,0.2,0.8,0.0,0.0,18000.0,8000.0,8000.0,0.0,12.698412698412698,18,5,27
2026-04-19T21:00:00+08:00,453,0.2,0.8,0.0,0.0,18000.0,8000.0,8000.0,0.0,12.698412698412698,21,3,26
2026-04-19T22:00:00+08:00,454,0.2,0.8,0.0,0.0,18000.0,8000.0,8000.0,0.0,12.698412698412698,23,2,25
2026-04-19T23:00:00+08:00,455,0.2,0.8,0.0,0.0,18000.0,8000.0,8000.0,0.0,12.698412698412698,38,1,11
2026-04-20T00:00:00+08:00,456,0.2,0.8,0.0,0.0,18000.0,8000.0,8000.0,0.0,12.698412698412698,44,2,4
2026-04-20T01:00:00+08:00,457,0.2,0.8,0.0,0.0,18000.0,8000.0,8000.0,0.0,12.698412698412698,47,3,0
2026-04-20T02:00:00+08:00,458,0.2,0.8,0.0,0.0,18000.0,8000.0,8000.0,0.0,12.698412698412698,46,4,0
2026-04-20T03:00:00+08:00,459,0.2,0.8,0.0,0.0,18000.0,8000.0,8000.0,0.0,12.698412698412698,46,4,0
2026-04-20T04:00:00+08:00,460,0.2,0.8,0.0,0.0,18000.0,8000.0,8000.0,0.0,12.698412698412698,47,3,0
2026-04-20T05:00:00+08:00,461,0.2,0.8,0.0,0.0,18000.0,8000.0,8000.0,0.0,12.698412698412698,48,2,0
2026-04-20T06:00:00+08:00,462,0.2,0.8,1697.12,339.424,19357.696,35000.0,19357.696,15642.304,30.078292423644257,46,2,2
2026-04-20T07:00:00+08:00,463,0.2,0.8,12967.500000000002,2593.5000000000005,28374.0,35000.0,28374.0,6626.0,38.67037370185624,36,3,11
2026-04-20T08:00:00+08:00,464,0.2,0.8,30267.770000000004,6053.554000000001,42214.216,56442.96,42214.216,14228.743999999999,48.40290715908058,23,1,26
2026-04-20T09:00:00+08:00,465,0.2,0.8,36579.24,7315.848,47263.392,89051.76,47263.392,41788.367999999995,51.226592666352445,19,2,29
2026-04-20T10:00:00+08:00,466,0.2,0.8,40909.03,8181.8060000000005,50727.224,123305.04,50727.224,72577.81599999999,52.991429063063606,17,0,33
2026-04-20T11:00:00+08:00,467,0.2,0.8,28391.440000000002,5678.2880000000005,40713.152,147968.63999999998,40713.152,107255.48799999998,47.49930559081528,9,2,39
2026-04-20T12:00:00+08:00,468,0.2,0.8,42837.34,8567.467999999999,52269.871999999996,191259.36,52269.871999999996,138989.48799999998,53.73695978545134,9,2,39
2026-04-20T13:00:00+08:00,469,0.2,0.8,103990.91,20798.182,101192.728,188682.47999999998,101192.728,87489.75199999998,69.21871517439637,21,0,29
2026-04-20T14:00:00+08:00,470,0.2,0.8,197325.95,39465.19,175860.76,172680.47999999998,172680.47999999998,0.0,78.18522402983672,38,3,9
2026-04-20T15:00:00+08:00,471,0.2,0.8,166024.7,33204.94,150819.76,135362.16,135362.16,0.0,69.12589413856905,44,1,5
2026-04-20T16:00:00+08:00,472,0.2,0.8,147254.24,29450.847999999998,135803.392,109998.0,109998.0,0.0,60.83846037578764,42,6,2
2026-04-20T17:00:00+08:00,473,0.2,0.8,104270.59000000004,20854.11800000001,101416.47200000004,76592.16,76592.16,0.0,52.31116345980524,48,1,1
2026-04-20T18:00:00+08:00,474,0.2,0.8,23299.160000000003,4659.832000000001,36639.32800000001,35000.0,35000.0,0.0,42.871494483639054,21,1,28
2026-04-20T19:00:00+08:00,475,0.2,0.8,5521.610000000001,1104.3220000000001,22417.288,35000.0,22417.288,12582.712,33.251542245365904,20,1,29
2026-04-20T20:00:00+08:00,476,0.2,0.8,0.0,0.0,18000.0,8000.0,8000.0,0.0,12.698412698412698,16,0,34
2026-04-20T21:00:00+08:00,477,0.2,0.8,0.0,0.0,18000.0,8000.0,8000.0,0.0,12.698412698412698,19,2,29
2026-04-20T22:00:00+08:00,478,0.2,0.8,0.0,0.0,18000.0,8000.0,8000.0,0.0,12.698412698412698,25,3,22
2026-04-20T23:00:00+08:00,479,0.2,0.8,0.0,0.0,18000.0,8000.0,8000.0,0.0,12.698412698412698,45,1,4
2026-04-21T00:00:00+08:00,480,0.2,0.8,0.0,0.0,18000.0,8000.0,8000.0,0.0,12.698412698412698,44,5,1
2026-04-21T01:00:00+08:00,481,0.2,0.8,0.0,0.0,18000.0,8000.0,8000.0,0.0,12.698412698412698,46,4,0
2026-04-21T02:00:00+08:00,482,0.2,0.8,0.0,0.0,18000.0,8000.0,8000.0,0.0,12.698412698412698,49,1,0
2026-04-21T03:00:00+08:00,483,0.2,0.8,0.0,0.0,18000.0,8000.0,8000.0,0.0,12.698412698412698,48,2,0
2026-04-21T04:00:00+08:00,484,0.2,0.8,0.0,0.0,18000.0,8000.0,8000.0,0.0,12.698412698412698,48,2,0
2026-04-21T05:00:00+08:00,485,0.2,0.8,0.0,0.0,18000.0,8000.0,8000.0,0.0,12.698412698412698,46,4,0
2026-04-21T06:00:00+08:00,486,0.2,0.8,1314.79,262.958,19051.832,35000.0,19051.832,15948.168000000001,29.74439825546286,49,1,0
2026-04-21T07:00:00+08:00,487,0.2,0.8,9982.71,1996.542,25986.167999999998,35000.0,25986.167999999998,9013.832000000002,36.60736835378971,39,3,8
2026-04-21T08:00:00+08:00,488,0.2,0.8,20215.46,4043.092,34172.368,35000.0,34172.368,827.6319999999978,43.16198803097566,28,5,17
2026-04-21T09:00:00+08:00,489,0.2,0.8,17562.32,3512.464,32049.856,57980.159999999996,32049.856,25930.303999999996,41.596256844399555,16,3,31
2026-04-21T10:00:00+08:00,490,0.2,0.8,22967.899999999998,4593.58,36374.32,101098.8,36374.32,64724.48,44.699998721955524,11,0,39
2026-04-21T11:00:00+08:00,491,0.2,0.8,38295.64000000001,7659.1280000000015,48636.512,110412.72,48636.512,61776.208,51.94182371936281,17,1,32
2026-04-21T12:00:00+08:00,492,0.2,0.8,28479.989999999998,5695.998,40783.992,144581.75999999998,40783.992,103797.76799999998,47.54266040685073,10,1,39
2026-04-21T13:00:00+08:00,493,0.2,0.8,94980.34999999998,18996.069999999996,93984.27999999998,140785.19999999998,93984.27999999998,46800.92,67.62223756528437,31,2,17
2026-04-21T14:00:00+08:00,494,0.2,0.8,111030.07000000002,22206.014000000006,106824.05600000003,114714.72,106824.05600000003,7890.663999999975,70.36042825782496,35,5,10
2026-04-21T15:00:00+08:00,495,0.2,0.8,133256.17,26651.234000000004,124604.93600000002,95962.31999999999,95962.31999999999,0.0,56.57990991488596,47,2,1
2026-04-21T16:00:00+08:00,496,0.2,0.8,110558.75999999997,22111.751999999993,106447.00799999997,79616.87999999999,79616.87999999999,0.0,52.570784363069095,46,3,1
2026-04-21T17:00:00+08:00,497,0.2,0.8,66114.20000000001,13222.840000000004,70891.36000000002,47623.68,47623.68,0.0,41.09338263007699,46,2,2
2026-04-21T18:00:00+08:00,498,0.2,0.8,23656.180000000004,4731.236000000001,36924.944,35000.0,35000.0,0.0,42.72203103367394,35,0,15
2026-04-21T19:00:00+08:00,499,0.2,0.8,4839.639999999999,967.9279999999999,21871.712,35000.0,21871.712,13128.288,32.706971820909864,18,5,27
2026-04-21T20:00:00+08:00,500,0.2,0.8,0.0,0.0,18000.0,8000.0,8000.0,0.0,12.698412698412698,16,3,31
2026-04-21T21:00:00+08:00,501,0.2,0.8,0.0,0.0,18000.0,8000.0,8000.0,0.0,12.698412698412698,27,1,22
2026-04-21T22:00:00+08:00,502,0.2,0.8,0.0,0.0,18000.0,8000.0,8000.0,0.0,12.698412698412698,34,0,16
2026-04-21T23:00:00+08:00,503,0.2,0.8,0.0,0.0,18000.0,8000.0,8000.0,0.0,12.698412698412698,45,2,3
2026-04-22T00:00:00+08:00,504,0.2,0.8,0.0,0.0,18000.0,8000.0,8000.0,0.0,12.698412698412698,47,3,0
2026-04-22T01:00:00+08:00,505,0.2,0.8,0.0,0.0,18000.0,8000.0,8000.0,0.0,12.698412698412698,48,2,0
2026-04-22T02:00:00+08:00,506,0.2,0.8,0.0,0.0,18000.0,8000.0,8000.0,0.0,12.698412698412698,47,3,0
2026-04-22T03:00:00+08:00,507,0.2,0.8,0.0,0.0,18000.0,8000.0,8000.0,0.0,12.698412698412698,48,2,0
2026-04-22T04:00:00+08:00,508,0.2,0.8,0.0,0.0,18000.0,8000.0,8000.0,0.0,12.698412698412698,46,4,0
2026-04-22T05:00:00+08:00,509,0.2,0.8,0.0,0.0,18000.0,8000.0,8000.0,0.0,12.698412698412698,48,2,0
2026-04-22T06:00:00+08:00,510,0.2,0.8,920.3799999999999,184.076,18736.304,35000.0,18736.304,16263.696,29.396596326012247,45,3,2
2026-04-22T07:00:00+08:00,511,0.2,0.8,12546.520000000004,2509.304000000001,28037.216000000004,35000.0,28037.216000000004,6962.783999999996,38.38757490427894,45,1,4
2026-04-22T08:00:00+08:00,512,0.2,0.8,15384.13,3076.826,30307.304,35000.0,30307.304,4692.696,40.24483999586547,32,1,17
2026-04-22T09:00:00+08:00,513,0.2,0.8,19936.999999999996,3987.3999999999996,33949.6,66053.52,33949.6,32103.920000000006,43.00161115445803,17,1,32
2026-04-22T10:00:00+08:00,514,0.2,0.8,20173.62,4034.724,34138.896,93848.39999999998,34138.896,59709.50399999998,43.13794824734477,10,2,38
2026-04-22T11:00:00+08:00,515,0.2,0.8,38476.67,7695.334,48781.335999999996,107628.48,48781.335999999996,58847.144,52.016038671063505,18,1,31
2026-04-22T12:00:00+08:00,516,0.2,0.8,26570.139999999996,5314.027999999999,39256.111999999994,124549.92,39256.111999999994,85293.808,46.59141167112007,11,2,37
2026-04-22T13:00:00+08:00,517,0.2,0.8,81380.82,16276.164000000002,83104.65600000002,113079.59999999999,83104.65600000002,29974.943999999974,64.87247114577943,30,3,17
2026-04-22T14:00:00+08:00,518,0.2,0.8,118253.92999999996,23650.785999999993,112603.14399999997,126144.72,112603.14399999997,13541.57600000003,71.4472701128348,36,1,13
2026-04-22T15:00:00+08:00,519,0.2,0.8,133694.0,26738.800000000003,124955.20000000001,102114.72,102114.72,0.0,60.083316073883,44,2,4
2026-04-22T16:00:00+08:00,520,0.2,0.8,105205.09999999999,21041.02,102164.08,75771.36,75771.36,0.0,51.487672807114336,48,2,0
2026-04-22T17:00:00+08:00,521,0.2,0.8,67058.90999999997,13411.781999999996,71647.12799999998,48299.759999999995,48299.759999999995,0.0,41.40672884805188,45,5,0
2026-04-22T18:00:00+08:00,522,0.2,0.8,15003.399999999994,3000.679999999999,30002.719999999994,35000.0,30002.719999999994,4997.280000000006,40.00217592108659,32,4,14
2026-04-22T19:00:00+08:00,523,0.2,0.8,917.9200000000001,183.58400000000003,18734.336,35000.0,18734.336,16265.664,29.394416221736428,21,1,28
2026-04-22T20:00:00+08:00,524,0.2,0.8,0.0,0.0,18000.0,8000.0,8000.0,0.0,12.698412698412698,21,2,27
2026-04-22T21:00:00+08:00,525,0.2,0.8,0.0,0.0,18000.0,8000.0,8000.0,0.0,12.698412698412698,24,4,22
2026-04-22T22:00:00+08:00,526,0.2,0.8,0.0,0.0,18000.0,8000.0,8000.0,0.0,12.698412698412698,28,2,20
2026-04-22T23:00:00+08:00,527,0.2,0.8,0.0,0.0,18000.0,8000.0,8000.0,0.0,12.698412698412698,38,3,9
2026-04-23T00:00:00+08:00,528,0.2,0.8,0.0,0.0,18000.0,8000.0,8000.0,0.0,12.698412698412698,47,3,0
2026-04-23T01:00:00+08:00,529,0.2,0.8,0.0,0.0,18000.0,8000.0,8000.0,0.0,12.698412698412698,50,0,0
2026-04-23T02:00:00+08:00,530,0.2,0.8,0.0,0.0,18000.0,8000.0,8000.0,0.0,12.698412698412698,47,3,0
2026-04-23T03:00:00+08:00,531,0.2,0.8,0.0,0.0,18000.0,8000.0,8000.0,0.0,12.698412698412698,46,4,0
2026-04-23T04:00:00+08:00,532,0.2,0.8,0.0,0.0,18000.0,8000.0,8000.0,0.0,12.698412698412698,49,1,0
2026-04-23T05:00:00+08:00,533,0.2,0.8,0.0,0.0,18000.0,8000.0,8000.0,0.0,12.698412698412698,47,3,0
2026-04-23T06:00:00+08:00,534,0.2,0.8,1281.1200000000001,256.22400000000005,19024.896,35000.0,19024.896,15975.104,29.714840926879447,49,1,0
2026-04-23T07:00:00+08:00,535,0.2,0.8,11448.880000000003,2289.7760000000007,27159.104000000003,35000.0,27159.104000000003,7840.895999999997,37.637806589172726,37,4,9
2026-04-23T08:00:00+08:00,536,0.2,0.8,16347.049999999996,3269.4099999999994,31077.64,41930.64,31077.64,10853.0,40.849900180920436,17,3,30
2026-04-23T09:00:00+08:00,537,0.2,0.8,27058.18,5411.636,39646.544,66193.2,39646.544,26546.655999999995,46.8377586685642,22,0,28
2026-04-23T10:00:00+08:00,538,0.2,0.8,21911.35,4382.2699999999995,35529.08,87817.68,35529.08,52288.59999999999,44.11956525518483,16,4,30
2026-04-23T11:00:00+08:00,539,0.2,0.8,41287.78000000001,8257.556000000002,51030.22400000001,120434.4,51030.22400000001,69404.17599999998,53.139753167711035,19,1,30
2026-04-23T12:00:00+08:00,540,0.2,0.8,54126.34000000002,10825.268000000004,61301.072000000015,123015.59999999999,61301.072000000015,61714.52799999998,57.66740715465222,24,2,24
2026-04-23T13:00:00+08:00,541,0.2,0.8,60442.13000000002,12088.426000000005,66353.70400000003,140924.88,66353.70400000003,74571.17599999998,59.5882324668787,22,2,26
2026-04-23T14:00:00+08:00,542,0.2,0.8,147451.40000000002,29490.280000000006,135961.12000000002,129119.76,129119.76,0.0,71.35221090585645,45,0,5
2026-04-23T15:00:00+08:00,543,0.2,0.8,149935.77999999997,29987.155999999995,137948.62399999998,107983.44,107983.44,0.0,59.02391482321289,47,3,0
2026-04-23T16:00:00+08:00,544,0.2,0.8,113700.75999999998,22740.152,108960.608,81881.28,81881.28,0.0,53.18326620274193,48,2,0
2026-04-23T17:00:00+08:00,545,0.2,0.8,82882.55,16576.510000000002,84306.04000000001,59684.399999999994,59684.399999999994,0.0,46.157472613034926,47,3,0
2026-04-23T18:00:00+08:00,546,0.2,0.8,23903.670000000002,4780.734,37122.936,35000.0,35000.0,0.0,42.61903154558429,33,4,13
2026-04-23T19:00:00+08:00,547,0.2,0.8,2339.59,467.91800000000006,19871.672,35000.0,19871.672,15128.328000000001,30.632279679796138,20,2,28
2026-04-23T20:00:00+08:00,548,0.2,0.8,0.0,0.0,18000.0,8000.0,8000.0,0.0,12.698412698412698,22,0,28
2026-04-23T21:00:00+08:00,549,0.2,0.8,0.0,0.0,18000.0,8000.0,8000.0,0.0,12.698412698412698,27,4,19
2026-04-23T22:00:00+08:00,550,0.2,0.8,0.0,0.0,18000.0,8000.0,8000.0,0.0,12.698412698412698,31,2,17
2026-04-23T23:00:00+08:00,551,0.2,0.8,0.0,0.0,18000.0,8000.0,8000.0,0.0,12.698412698412698,43,2,5
2026-04-24T00:00:00+08:00,552,0.2,0.8,0.0,0.0,18000.0,8000.0,8000.0,0.0,12.698412698412698,47,2,1
2026-04-24T01:00:00+08:00,553,0.2,0.8,0.0,0.0,18000.0,8000.0,8000.0,0.0,12.698412698412698,47,3,0
2026-04-24T02:00:00+08:00,554,0.2,0.8,0.0,0.0,18000.0,8000.0,8000.0,0.0,12.698412698412698,47,3,0
2026-04-24T03:00:00+08:00,555,0.2,0.8,0.0,0.0,18000.0,8000.0,8000.0,0.0,12.698412698412698,49,1,0
2026-04-24T04:00:00+08:00,556,0.2,0.8,0.0,0.0,18000.0,8000.0,8000.0,0.0,12.698412698412698,45,5,0
2026-04-24T05:00:00+08:00,557,0.2,0.8,0.0,0.0,18000.0,8000.0,8000.0,0.0,12.698412698412698,49,1,0
2026-04-24T06:00:00+08:00,558,0.2,0.8,2615.04,523.008,20092.032,35000.0,20092.032,14907.968,30.86711442653995,47,1,2
2026-04-24T07:00:00+08:00,559,0.2,0.8,14787.119999999997,2957.4239999999995,29829.695999999996,35000.0,29829.695999999996,5170.304000000004,39.86344672574909,35,1,14
2026-04-24T08:00:00+08:00,560,0.2,0.8,18217.44,3643.488,32573.951999999997,46223.280000000006,32573.951999999997,13649.328000000009,41.99083733673901,18,4,28
2026-04-24T09:00:00+08:00,561,0.2,0.8,19435.050000000003,3887.0100000000007,33548.04,100183.68,33548.04,66635.63999999998,42.7102191219539,13,4,33
2026-04-24T10:00:00+08:00,562,0.2,0.8,27721.349999999995,5544.2699999999995,40177.08,146715.12,40177.08,106538.04,47.168886277857844,13,0,37
2026-04-24T11:00:00+08:00,563,0.2,0.8,28946.629999999997,5789.326,41157.304000000004,169015.68,41157.304000000004,127858.37599999999,47.76995343308329,10,1,39
2026-04-24T12:00:00+08:00,564,0.2,0.8,47611.020000000004,9522.204000000002,56088.816000000006,190358.63999999998,56088.816000000006,134269.82399999996,55.48468981969282,14,2,34
2026-04-24T13:00:00+08:00,565,0.2,0.8,105727.01999999999,21145.404,102581.616,186796.8,102581.616,84215.184,69.50839730607098,24,1,25
2026-04-24T14:00:00+08:00,566,0.2,0.8,186323.65000000002,37264.73,167058.92,157535.28,157535.28,0.0,74.28844775782126,42,2,6
2026-04-24T15:00:00+08:00,567,0.2,0.8,191995.71999999997,38399.14399999999,171596.57599999997,146931.12,146931.12,0.0,67.83630780940878,45,2,3
2026-04-24T16:00:00+08:00,568,0.2,0.8,120469.7,24093.940000000002,114375.76000000001,86738.4,86738.4,0.0,54.42383459065544,49,1,0
2026-04-24T17:00:00+08:00,569,0.2,0.8,75959.42000000001,15191.884000000004,78767.53600000002,55772.64,55772.64,0.0,45.06241442828755,47,1,2
2026-04-24T18:00:00+08:00,570,0.2,0.8,31586.679999999997,6317.335999999999,43269.344,35000.0,35000.0,0.0,39.651365257682215,30,2,18
2026-04-24T19:00:00+08:00,571,0.2,0.8,695.02,139.004,18556.016,35000.0,18556.016,16443.984,29.196317151156858,12,5,33
2026-04-24T20:00:00+08:00,572,0.2,0.8,0.0,0.0,18000.0,8000.0,8000.0,0.0,12.698412698412698,13,3,34
2026-04-24T21:00:00+08:00,573,0.2,0.8,0.0,0.0,18000.0,8000.0,8000.0,0.0,12.698412698412698,18,3,29
2026-04-24T22:00:00+08:00,574,0.2,0.8,0.0,0.0,18000.0,8000.0,8000.0,0.0,12.698412698412698,18,1,31
2026-04-24T23:00:00+08:00,575,0.2,0.8,0.0,0.0,18000.0,8000.0,8000.0,0.0,12.698412698412698,37,3,10
2026-04-25T00:00:00+08:00,576,0.2,0.8,0.0,0.0,18000.0,8000.0,8000.0,0.0,12.698412698412698,48,1,1
2026-04-25T01:00:00+08:00,577,0.2,0.8,0.0,0.0,18000.0,8000.0,8000.0,0.0,12.698412698412698,47,3,0
2026-04-25T02:00:00+08:00,578,0.2,0.8,0.0,0.0,18000.0,8000.0,8000.0,0.0,12.698412698412698,49,1,0
2026-04-25T03:00:00+08:00,579,0.2,0.8,0.0,0.0,18000.0,8000.0,8000.0,0.0,12.698412698412698,47,3,0
2026-04-25T04:00:00+08:00,580,0.2,0.8,0.0,0.0,18000.0,8000.0,8000.0,0.0,12.698412698412698,49,1,0
2026-04-25T05:00:00+08:00,581,0.2,0.8,0.0,0.0,18000.0,8000.0,8000.0,0.0,12.698412698412698,46,4,0
2026-04-25T06:00:00+08:00,582,0.2,0.8,3241.1899999999996,648.2379999999999,20592.952,35000.0,20592.952,14407.047999999999,31.39506817744687,48,2,0
2026-04-25T07:00:00+08:00,583,0.2,0.8,15467.93,3093.5860000000002,30374.344,35000.0,30374.344,4625.655999999999,40.29798786706522,32,0,18
2026-04-25T08:00:00+08:00,584,0.2,0.8,27657.339999999997,5531.468,40125.872,69166.08,40125.872,29040.208,47.13710539141379,14,1,35
2026-04-25T09:00:00+08:00,585,0.2,0.8,15422.36,3084.472,30337.888,113446.08,30337.888,83108.19200000001,40.26909806656645,7,4,39
2026-04-25T10:00:00+08:00,586,0.2,0.8,26491.08,5298.216,39192.864,167210.63999999998,39192.864,128017.77599999998,46.55128966749486,7,3,40
2026-04-25T11:00:00+08:00,587,0.2,0.8,35079.01,7015.802000000001,46063.208,206753.03999999998,46063.208,160689.832,50.58377473369926,7,1,42
2026-04-25T12:00:00+08:00,588,0.2,0.8,56505.37,11301.074,63204.296,214438.31999999998,63204.296,151234.02399999998,58.412002421789246,11,3,36
2026-04-25T13:00:00+08:00,589,0.2,0.8,127110.97999999998,25422.195999999996,119688.78399999999,217100.88,119688.78399999999,97412.09600000002,72.67573485757232,21,1,28
2026-04-25T14:00:00+08:00,590,0.2,0.8,215283.26000000004,43056.65200000001,190226.60800000004,200613.6,190226.60800000004,10386.99199999997,80.86951115666304,41,1,8
2026-04-25T15:00:00+08:00,591,0.2,0.8,226221.35000000003,45244.27000000001,198977.08000000005,170643.6,170643.6,0.0,69.94247164528733,47,1,2
2026-04-25T16:00:00+08:00,592,0.2,0.8,160062.27000000005,32012.454000000012,146049.81600000005,124687.44,124687.44,0.0,65.26436016038873,44,3,3
2026-04-25T17:00:00+08:00,593,0.2,0.8,100435.54999999999,20087.11,98348.44,75301.92,75301.92,0.0,52.530686765757615,47,1,2
2026-04-25T18:00:00+08:00,594,0.2,0.8,28082.459999999992,5616.491999999998,40465.96799999999,35000.0,35000.0,0.0,40.95197283672023,23,2,25
2026-04-25T19:00:00+08:00,595,0.2,0.8,1461.7,292.34000000000003,19169.36,35000.0,19169.36,15830.64,29.873073379569316,15,2,33
2026-04-25T20:00:00+08:00,596,0.2,0.8,0.0,0.0,18000.0,8000.0,8000.0,0.0,12.698412698412698,13,3,34
2026-04-25T21:00:00+08:00,597,0.2,0.8,0.0,0.0,18000.0,8000.0,8000.0,0.0,12.698412698412698,11,3,36
2026-04-25T22:00:00+08:00,598,0.2,0.8,0.0,0.0,18000.0,8000.0,8000.0,0.0,12.698412698412698,15,2,33
2026-04-25T23:00:00+08:00,599,0.2,0.8,0.0,0.0,18000.0,8000.0,8000.0,0.0,12.698412698412698,34,3,13
2026-04-26T00:00:00+08:00,600,0.2,0.8,0.0,0.0,18000.0,8000.0,8000.0,0.0,12.698412698412698,46,1,3
2026-04-26T01:00:00+08:00,601,0.2,0.8,0.0,0.0,18000.0,8000.0,8000.0,0.0,12.698412698412698,48,2,0
2026-04-26T02:00:00+08:00,602,0.2,0.8,0.0,0.0,18000.0,8000.0,8000.0,0.0,12.698412698412698,50,0,0
2026-04-26T03:00:00+08:00,603,0.2,0.8,0.0,0.0,18000.0,8000.0,8000.0,0.0,12.698412698412698,47,3,0
2026-04-26T04:00:00+08:00,604,0.2,0.8,0.0,0.0,18000.0,8000.0,8000.0,0.0,12.698412698412698,46,4,0
2026-04-26T05:00:00+08:00,605,0.2,0.8,0.0,0.0,18000.0,8000.0,8000.0,0.0,12.698412698412698,48,2,0
2026-04-26T06:00:00+08:00,606,0.2,0.8,3642.2799999999997,728.456,20913.824,35000.0,20913.824,14086.176,31.729040633418574,47,2,1
2026-04-26T07:00:00+08:00,607,0.2,0.8,14689.230000000001,2937.8460000000005,29751.384000000002,35000.0,29751.384000000002,5248.615999999998,39.80044570144681,30,0,20
2026-04-26T08:00:00+08:00,608,0.2,0.8,21882.060000000005,4376.412000000001,35505.648,69050.88,35505.648,33545.232,44.1033006777363,15,2,33
2026-04-26T09:00:00+08:00,609,0.2,0.8,13946.34,2789.268,29157.072,115953.84,29157.072,86796.768,39.31799249031839,6,3,41
2026-04-26T10:00:00+08:00,610,0.2,0.8,15367.12,3073.4240000000004,30293.696000000004,164094.47999999998,30293.696000000004,133800.78399999999,40.23404031062575,7,0,43
2026-04-26T11:00:00+08:00,611,0.2,0.8,23349.649999999998,4669.929999999999,36679.72,192341.52,36679.72,155661.8,44.90676510644258,9,1,40
2026-04-26T12:00:00+08:00,612,0.2,0.8,56478.509999999995,11295.702,63182.808,207324.0,63182.808,144141.192,58.40374193282172,12,3,35
2026-04-26T13:00:00+08:00,613,0.2,0.8,81481.11,16296.222000000002,83184.888,218234.16,83184.888,135049.272,64.89445776166689,14,2,34
2026-04-26T14:00:00+08:00,614,0.2,0.8,256613.63999999998,51322.728,223290.912,216833.03999999998,216833.03999999998,0.0,80.8201211079412,43,0,7
2026-04-26T15:00:00+08:00,615,0.2,0.8,216289.93000000005,43257.98600000001,191031.94400000005,155813.04,155813.04,0.0,66.01353925212766,48,2,0
2026-04-26T16:00:00+08:00,616,0.2,0.8,189489.68000000005,37897.93600000001,169591.74400000004,136507.68,136507.68,0.0,63.612736191752084,48,1,1
2026-04-26T17:00:00+08:00,617,0.2,0.8,114248.17999999996,22849.635999999995,109398.54399999998,82258.56,82258.56,0.0,53.276771832770656,47,1,2
2026-04-26T18:00:00+08:00,618,0.2,0.8,24151.41,4830.282,37321.128,35000.0,35000.0,0.0,42.5164242161502,18,0,32
2026-04-26T19:00:00+08:00,619,0.2,0.8,4899.93,979.9860000000001,21919.944,35000.0,21919.944,13080.056,32.75547271826766,14,2,34
2026-04-26T20:00:00+08:00,620,0.2,0.8,0.0,0.0,18000.0,8000.0,8000.0,0.0,12.698412698412698,12,0,38
2026-04-26T21:00:00+08:00,621,0.2,0.8,0.0,0.0,18000.0,8000.0,8000.0,0.0,12.698412698412698,13,3,34
2026-04-26T22:00:00+08:00,622,0.2,0.8,0.0,0.0,18000.0,8000.0,8000.0,0.0,12.698412698412698,11,4,35
2026-04-26T23:00:00+08:00,623,0.2,0.8,0.0,0.0,18000.0,8000.0,8000.0,0.0,12.698412698412698,43,1,6
2026-04-27T00:00:00+08:00,624,0.2,0.8,0.0,0.0,18000.0,8000.0,8000.0,0.0,12.698412698412698,48,0,2
2026-04-27T01:00:00+08:00,625,0.2,0.8,0.0,0.0,18000.0,8000.0,8000.0,0.0,12.698412698412698,49,0,1
2026-04-27T02:00:00+08:00,626,0.2,0.8,0.0,0.0,18000.0,8000.0,8000.0,0.0,12.698412698412698,46,4,0
2026-04-27T03:00:00+08:00,627,0.2,0.8,0.0,0.0,18000.0,8000.0,8000.0,0.0,12.698412698412698,49,1,0
2026-04-27T04:00:00+08:00,628,0.2,0.8,0.0,0.0,18000.0,8000.0,8000.0,0.0,12.698412698412698,48,2,0
2026-04-27T05:00:00+08:00,629,0.2,0.8,0.0,0.0,18000.0,8000.0,8000.0,0.0,12.698412698412698,48,2,0
2026-04-27T06:00:00+08:00,630,0.2,0.8,3587.5099999999998,717.502,20870.008,35000.0,20870.008,14129.991999999998,31.68362754715318,48,2,0
2026-04-27T07:00:00+08:00,631,0.2,0.8,10152.199999999999,2030.4399999999998,26121.76,35000.0,26121.76,8878.240000000002,36.72822494831399,26,0,24
2026-04-27T08:00:00+08:00,632,0.2,0.8,12203.659999999998,2440.7319999999995,27762.928,59230.799999999996,27762.928,31467.871999999996,38.15531997283012,14,2,34
2026-04-27T09:00:00+08:00,633,0.2,0.8,11833.39,2366.678,27466.712,100867.68,27466.712,73400.968,37.90252274727188,10,2,38
2026-04-27T10:00:00+08:00,634,0.2,0.8,15079.41,3015.882,30063.528,134718.47999999998,30063.528,104654.95199999999,40.05077938782734,9,2,39
2026-04-27T11:00:00+08:00,635,0.2,0.8,29770.93,5954.186000000001,41816.744000000006,168675.12,41816.744000000006,126858.37599999999,48.16668084211958,9,1,40
2026-04-27T12:00:00+08:00,636,0.2,0.8,50252.21,10050.442000000001,58201.768000000004,183712.32,58201.768000000004,125510.552,56.39609584983079,12,3,35
2026-04-27T13:00:00+08:00,637,0.2,0.8,126781.38,25356.276,119425.104,169748.63999999998,119425.104,50323.53599999998,72.63191635262703,24,4,22
2026-04-27T14:00:00+08:00,638,0.2,0.8,172977.57000000007,34595.51400000002,156382.05600000007,143446.32,143446.32,0.0,71.23093429933,37,5,8
2026-04-27T15:00:00+08:00,639,0.2,0.8,182920.37000000008,36584.074000000015,164336.29600000006,135418.32,135418.32,0.0,64.68936471485095,45,0,5
2026-04-27T16:00:00+08:00,640,0.2,0.8,149665.77000000005,29933.15400000001,137732.61600000004,107771.04,107771.04,0.0,58.97745151308948,50,0,0
2026-04-27T17:00:00+08:00,641,0.2,0.8,81417.87999999998,16283.575999999995,83134.30399999997,58649.04,58649.04,0.0,45.77153671510169,49,0,1
2026-04-27T18:00:00+08:00,642,0.2,0.8,12122.81,2424.562,27698.248,35000.0,27698.248,7301.752,38.100296447309155,27,1,22
2026-04-27T19:00:00+08:00,643,0.2,0.8,2060.2200000000003,412.0440000000001,19648.176,35000.0,19648.176,15351.824,30.392467685399197,24,1,25
2026-04-27T20:00:00+08:00,644,0.2,0.8,0.0,0.0,18000.0,8000.0,8000.0,0.0,12.698412698412698,19,2,29
2026-04-27T21:00:00+08:00,645,0.2,0.8,0.0,0.0,18000.0,8000.0,8000.0,0.0,12.698412698412698,19,3,28
2026-04-27T22:00:00+08:00,646,0.2,0.8,0.0,0.0,18000.0,8000.0,8000.0,0.0,12.698412698412698,21,5,24
2026-04-27T23:00:00+08:00,647,0.2,0.8,0.0,0.0,18000.0,8000.0,8000.0,0.0,12.698412698412698,41,5,4
2026-04-28T00:00:00+08:00,648,0.2,0.8,0.0,0.0,18000.0,8000.0,8000.0,0.0,12.698412698412698,44,6,0
2026-04-28T01:00:00+08:00,649,0.2,0.8,0.0,0.0,18000.0,8000.0,8000.0,0.0,12.698412698412698,49,1,0
2026-04-28T02:00:00+08:00,650,0.2,0.8,0.0,0.0,18000.0,8000.0,8000.0,0.0,12.698412698412698,48,2,0
2026-04-28T03:00:00+08:00,651,0.2,0.8,0.0,0.0,18000.0,8000.0,8000.0,0.0,12.698412698412698,47,3,0
2026-04-28T04:00:00+08:00,652,0.2,0.8,0.0,0.0,18000.0,8000.0,8000.0,0.0,12.698412698412698,47,3,0
2026-04-28T05:00:00+08:00,653,0.2,0.8,0.0,0.0,18000.0,8000.0,8000.0,0.0,12.698412698412698,48,2,0
2026-04-28T06:00:00+08:00,654,0.2,0.8,1051.3500000000004,210.2700000000001,18841.08,35000.0,18841.08,16158.919999999998,29.512470653691953,46,3,1
2026-04-28T07:00:00+08:00,655,0.2,0.8,11485.359999999999,2297.0719999999997,27188.288,35000.0,27188.288,7811.7119999999995,37.66301813391114,40,4,6
2026-04-28T08:00:00+08:00,656,0.2,0.8,22460.84,4492.168000000001,35968.672000000006,35000.0,35000.0,0.0,43.22659509594031,35,1,14
2026-04-28T09:00:00+08:00,657,0.2,0.8,26206.250000000004,5241.250000000001,38965.0,63373.68,38965.0,24408.68,46.4062406955279,25,1,24
2026-04-28T10:00:00+08:00,658,0.2,0.8,24795.04,4959.008000000001,37836.03200000001,98694.0,37836.03200000001,60857.96799999999,45.67581411915047,17,3,30
2026-04-28T11:00:00+08:00,659,0.2,0.8,42960.72999999999,8592.145999999999,52368.583999999995,127503.36,52368.583999999995,75134.77600000001,53.78386112711672,19,2,29
2026-04-28T12:00:00+08:00,660,0.2,0.8,54363.8,10872.760000000002,61491.04000000001,133240.32,61491.04000000001,71749.28,57.742923723911424,21,1,28
2026-04-28T13:00:00+08:00,661,0.2,0.8,64453.630000000005,12890.726000000002,69562.90400000001,106165.44,69562.90400000001,36602.53599999999,60.7202694512702,29,2,19
2026-04-28T14:00:00+08:00,662,0.2,0.8,116054.73999999998,23210.947999999997,110843.79199999999,91118.16,91118.16,0.0,58.46762250240934,41,1,8
2026-04-28T15:00:00+08:00,663,0.2,0.8,101447.59999999999,20289.52,99158.08,86316.48,86316.48,0.0,59.87626916229738,41,1,8
2026-04-28T16:00:00+08:00,664,0.2,0.8,74345.74,14869.148000000001,77476.592,71963.28,71963.28,0.0,58.75676227176537,37,3,10
2026-04-28T17:00:00+08:00,665,0.2,0.8,71426.55,14285.310000000001,75141.24,51449.04,51449.04,0.0,42.82379639164703,50,0,0
2026-04-28T18:00:00+08:00,666,0.2,0.8,15892.549999999997,3178.5099999999998,30714.04,35000.0,30714.04,4285.959999999999,40.56584485519462,28,5,17
2026-04-28T19:00:00+08:00,667,0.2,0.8,3914.99,782.998,21131.992,35000.0,21131.992,13868.008000000002,31.954265040133674,26,2,22
2026-04-28T20:00:00+08:00,668,0.2,0.8,0.0,0.0,18000.0,8000.0,8000.0,0.0,12.698412698412698,20,4,26
2026-04-28T21:00:00+08:00,669,0.2,0.8,0.0,0.0,18000.0,8000.0,8000.0,0.0,12.698412698412698,25,2,23
2026-04-28T22:00:00+08:00,670,0.2,0.8,0.0,0.0,18000.0,8000.0,8000.0,0.0,12.698412698412698,27,2,21
2026-04-28T23:00:00+08:00,671,0.2,0.8,0.0,0.0,18000.0,8000.0,8000.0,0.0,12.698412698412698,47,1,2
2026-04-29T00:00:00+08:00,672,0.2,0.8,0.0,0.0,18000.0,8000.0,8000.0,0.0,12.698412698412698,47,2,1
2026-04-29T01:00:00+08:00,673,0.2,0.8,0.0,0.0,18000.0,8000.0,8000.0,0.0,12.698412698412698,48,2,0
2026-04-29T02:00:00+08:00,674,0.2,0.8,0.0,0.0,18000.0,8000.0,8000.0,0.0,12.698412698412698,46,4,0
2026-04-29T03:00:00+08:00,675,0.2,0.8,0.0,0.0,18000.0,8000.0,8000.0,0.0,12.698412698412698,47,3,0
2026-04-29T04:00:00+08:00,676,0.2,0.8,0.0,0.0,18000.0,8000.0,8000.0,0.0,12.698412698412698,47,3,0
2026-04-29T05:00:00+08:00,677,0.2,0.8,0.0,0.0,18000.0,8000.0,8000.0,0.0,12.698412698412698,47,3,0
2026-04-29T06:00:00+08:00,678,0.2,0.8,1481.2499999999998,296.24999999999994,19185.0,35000.0,19185.0,15815.0,29.89016125262912,49,1,0
2026-04-29T07:00:00+08:00,679,0.2,0.8,8873.279999999999,1774.656,25098.624,35000.0,25098.624,9901.376,35.804731345368495,38,4,8
2026-04-29T08:00:00+08:00,680,0.2,0.8,19247.23,3849.446,33397.784,38697.84,33397.784,5300.055999999997,42.600418399581294,30,0,20
2026-04-29T09:00:00+08:00,681,0.2,0.8,16332.829999999998,3266.566,31066.264,62774.64,31066.264,31708.376,40.841054057814645,23,3,24
2026-04-29T10:00:00+08:00,682,0.2,0.8,18254.85,3650.97,32603.879999999997,107502.48,32603.879999999997,74898.6,42.01320861791961,15,0,35
2026-04-29T11:00:00+08:00,683,0.2,0.8,22902.449999999997,4580.49,36321.96,121650.48,36321.96,85328.51999999999,44.66439323400469,15,4,31
2026-04-29T12:00:00+08:00,684,0.2,0.8,31743.139999999996,6348.628,43394.512,128515.68,43394.512,85121.16799999999,49.09186217352498,15,3,32
2026-04-29T13:00:00+08:00,685,0.2,0.8,140298.00000000003,28059.600000000006,130238.40000000002,121904.64,121904.64,0.0,69.56502684343157,34,3,13
2026-04-29T14:00:00+08:00,686,0.2,0.8,131251.16,26250.232000000004,123000.92800000001,113020.56,113020.56,0.0,67.27377124964453,31,2,17
2026-04-29T15:00:00+08:00,687,0.2,0.8,151705.51999999996,30341.103999999992,139364.41599999997,109231.2,109231.2,0.0,59.24744176229757,50,0,0
2026-04-29T16:00:00+08:00,688,0.2,0.8,132045.31999999998,26409.064,123636.256,95089.68,95089.68,0.0,56.38744731144885,49,1,0
2026-04-29T17:00:00+08:00,689,0.2,0.8,77275.40999999999,15455.081999999999,79820.328,55667.52,55667.52,0.0,44.59812026771793,48,0,2
2026-04-29T18:00:00+08:00,690,0.2,0.8,32247.83,6449.566000000001,43798.264,35000.0,35000.0,0.0,39.41518496352587,40,2,8
2026-04-29T19:00:00+08:00,691,0.2,0.8,389.91,77.98200000000001,18311.928,35000.0,18311.928,16688.072,28.923346008354066,24,1,25
2026-04-29T20:00:00+08:00,692,0.2,0.8,0.0,0.0,18000.0,8000.0,8000.0,0.0,12.698412698412698,24,4,22
2026-04-29T21:00:00+08:00,693,0.2,0.8,0.0,0.0,18000.0,8000.0,8000.0,0.0,12.698412698412698,27,2,21
2026-04-29T22:00:00+08:00,694,0.2,0.8,0.0,0.0,18000.0,8000.0,8000.0,0.0,12.698412698412698,30,1,19
2026-04-29T23:00:00+08:00,695,0.2,0.8,0.0,0.0,18000.0,8000.0,8000.0,0.0,12.698412698412698,37,2,11
2026-04-30T00:00:00+08:00,696,0.2,0.8,0.0,0.0,18000.0,8000.0,8000.0,0.0,12.698412698412698,46,3,1
2026-04-30T01:00:00+08:00,697,0.2,0.8,0.0,0.0,18000.0,8000.0,8000.0,0.0,12.698412698412698,45,5,0
2026-04-30T02:00:00+08:00,698,0.2,0.8,0.0,0.0,18000.0,8000.0,8000.0,0.0,12.698412698412698,47,3,0
2026-04-30T03:00:00+08:00,699,0.2,0.8,0.0,0.0,18000.0,8000.0,8000.0,0.0,12.698412698412698,46,4,0
2026-04-30T04:00:00+08:00,700,0.2,0.8,0.0,0.0,18000.0,8000.0,8000.0,0.0,12.698412698412698,45,5,0
2026-04-30T05:00:00+08:00,701,0.2,0.8,0.0,0.0,18000.0,8000.0,8000.0,0.0,12.698412698412698,45,5,0
2026-04-30T06:00:00+08:00,702,0.2,0.8,4375.31,875.0620000000001,21500.248,35000.0,21500.248,13499.752,32.33107942695191,44,3,3
2026-04-30T07:00:00+08:00,703,0.2,0.8,26495.840000000015,5299.168000000003,39196.67200000001,35000.0,35000.0,0.0,41.56933898765024,38,1,11
2026-04-30T08:00:00+08:00,704,0.2,0.8,29851.08,5970.216,41880.864,68058.72,41880.864,26177.856,48.20493497854718,17,2,31
2026-04-30T09:00:00+08:00,705,0.2,0.8,31341.34,6268.268,43073.072,117630.72,43073.072,74557.648,48.90606291103369,10,2,38
2026-04-30T10:00:00+08:00,706,0.2,0.8,46842.83,9368.566,55474.264,160585.19999999998,55474.264,105110.93599999999,55.21241140915449,12,0,38
2026-04-30T11:00:00+08:00,707,0.2,0.8,32902.590000000004,6580.518000000001,44322.072,205207.91999999998,44322.072,160885.848,49.620514848782285,6,0,44
2026-04-30T12:00:00+08:00,708,0.2,0.8,47540.78,9508.156,56032.624,211029.12,56032.624,154996.49599999998,55.45993143759188,9,1,40
2026-04-30T13:00:00+08:00,709,0.2,0.8,122391.5,24478.300000000003,115913.20000000001,201747.6,115913.20000000001,85834.4,72.0346124494448,25,1,24
2026-04-30T14:00:00+08:00,710,0.2,0.8,239182.63,47836.526000000005,209346.10400000002,195713.28,195713.28,0.0,76.94762251990304,40,3,7
2026-04-30T15:00:00+08:00,711,0.2,0.8,239513.81000000006,47902.76200000002,209611.04800000007,172537.91999999998,172537.91999999998,0.0,67.76529194444066,48,2,0
2026-04-30T16:00:00+08:00,712,0.2,0.8,181687.29000000007,36337.45800000001,163349.83200000005,130843.44,130843.44,0.0,62.79987785159336,46,3,1
2026-04-30T17:00:00+08:00,713,0.2,0.8,108082.89,21616.578,104466.312,77832.0,77832.0,0.0,52.07327253782778,45,4,1
2026-04-30T18:00:00+08:00,714,0.2,0.8,15979.020000000004,3195.804000000001,30783.216000000004,35000.0,30783.216000000004,4216.783999999996,40.62009719935877,16,2,32
2026-04-30T19:00:00+08:00,715,0.2,0.8,2574.8399999999997,514.968,20059.872,35000.0,20059.872,14940.128,30.832941079256962,12,3,35
2026-04-30T20:00:00+08:00,716,0.2,0.8,0.0,0.0,18000.0,8000.0,8000.0,0.0,12.698412698412698,9,6,35
2026-04-30T21:00:00+08:00,717,0.2,0.8,0.0,0.0,18000.0,8000.0,8000.0,0.0,12.698412698412698,11,2,37
2026-04-30T22:00:00+08:00,718,0.2,0.8,0.0,0.0,18000.0,8000.0,8000.0,0.0,12.698412698412698,15,0,35
2026-04-30T23:00:00+08:00,719,0.2,0.8,0.0,0.0,18000.0,8000.0,8000.0,0.0,12.698412698412698,36,3,11
