scenario,reward_share,liquidity_share,avg_liquidity_MW,min_daylight_liquidity_MW,avg_slippage_pct,peak_slippage_pct,producer_reward_kWh,reward_gini,fulfilled_demand_ratio,unmet_demand_MWh,liquidity_drawdown_pct,composite_score,pareto_efficient,reward_score,slippage_score,unmet_score,drawdown_score,scenario_score,selected_ratio
cloudy_weather,0.0,1.0,0.05207659747716667,0.01913362704,35.62693921985364,78.78626268337109,0.0,0.0,0.8503952927767385,5.786452914000001,89.22972782608898,0.5221942754837361,True,0.0,0.00627739787355407,0.9807901994156168,0.0021875104773774467,0.524327651534833,False
cloudy_weather,0.025,0.975,0.0512246825402375,0.019105286364,35.498328370082035,78.4067572982994,613.378754589,0.6649183249384838,0.8357663476781556,6.352275364146002,88.98398890822695,0.7661142108067791,True,0.0205,0.014576974318322979,0.9573905927473308,0.004935488840400235,0.5201555537035794,False
cloudy_weather,0.05,0.95,0.050372767603308326,0.019076945688,35.358547580698854,78.01342617318878,1226.757509178,0.6649183249384838,0.8210085453019661,6.923081792292002,88.72677440008785,0.7600099758243992,True,0.041,0.023597374611580305,0.9337848734993598,0.007811793127776671,0.5160129558490448,False
cloudy_weather,0.075,0.925,0.04952085266637916,0.019048605012,35.20882561274435,77.605499763242,1840.1362637669997,0.6649183249384825,0.8061531934255527,7.4976612674249985,88.4572612481956,0.7538940245678145,True,0.0615,0.033259303762242176,0.9100231197649277,0.010825627144762855,0.5119090856108436,False
cloudy_weather,0.1,0.9,0.052783063522425004,0.019157129064,35.724214241084525,79.09100190922103,2782.6450817940004,0.6649183249384836,0.8624048586676275,5.321943549053998,89.42534670895793,0.7772084112093054,True,0.09300000000000003,0.0,1.0,0.0,0.5498024293338137,False
cloudy_weather,0.125,0.875,0.051816867313468754,0.01912498659,35.58923786286876,78.67198096746276,3478.3063522424995,0.6649183249384831,0.8459555649626311,5.958173954227498,89.15597712412601,0.7703455513833206,True,0.11624999999999999,0.008710359749812836,0.9736886699571171,0.0030122285766317025,0.5450538148683307,False
cloudy_weather,0.15,0.85,0.05085067110451249,0.019092844116,35.43804273395817,78.23582203200591,4173.967622691,0.6649183249384829,0.8292972375791915,6.602489422766999,88.87252544795122,0.7634351459947687,True,0.1395,0.018467355623011397,0.9470429818437762,0.006181930306693858,0.5403321168327598,False
cloudy_weather,0.175,0.825,0.04988447489555625,0.019060701642,35.27385607683592,77.78145173421994,4869.6288931395,0.6649183249384827,0.8125037209458008,7.252033779112499,88.57385776665569,0.7565051045052827,True,0.16275000000000003,0.029062726965453492,0.9201810528973943,0.009521785194453646,0.5356554640671806,False
cloudy_weather,0.2,0.8,0.05124546095333332,0.019105977599999997,35.501631998747065,78.41617500823754,5984.182971600001,0.6649183249384834,0.8361253472759965,6.338389876799998,88.99011588387468,0.7662630263928297,True,0.20000000000000007,0.014363782984160743,0.9579648275487428,0.004866973862564339,0.556257072533625,True
cloudy_weather,0.225,0.775,0.050206540298541665,0.019071415799999998,35.3301777094003,77.93500190535671,6732.20584305,0.6649183249384829,0.8181184931398165,7.034864042099999,88.67517928776662,0.7588177872063502,True,0.22500000000000003,0.025428152621279506,0.9291621147570578,0.008388756083135891,0.5512091187429627,False
cloudy_weather,0.25,0.75,0.04916761964375,0.019036854,35.144650922021,77.43188582050803,7480.228714499999,0.6649183249384829,0.799981203545761,7.736383226699999,88.34169466991607,0.7513605450816344,True,0.25,0.03740065538555932,0.9001507650206502,0.012117951776789855,0.5462216741716188,False
cloudy_weather,0.275,0.725,0.04812869898895833,0.0190022922,34.94680640816717,76.90529072814797,8228.25158595,0.6649183249384831,0.7817573254695356,8.441251504950001,87.98797375151243,0.7439092098934441,True,0.275,0.05016805152534089,0.8710009134024506,0.01607344014134551,0.5413076338108813,False
cloudy_weather,0.3,0.7,0.047089778334166665,0.0189677304,34.73572740663691,76.35353381366474,8976.274457399997,0.6649183249384831,0.763442392059324,9.149641647,87.61211694848716,0.7364655046649348,True,0.29999999999999993,0.06378950190994649,0.8417054149870308,0.020276463298175177,0.5364739859797658,False
cloudy_weather,0.325,0.675,0.046050857679375,0.0189331686,34.51040432877785,75.77476750947478,9724.29732885,0.6649183249384834,0.7450321028900444,9.861719985899997,87.21197924494001,0.7290316583980243,True,0.325,0.07833015779382332,0.812257391065451,0.024751007913019398,0.5317288646162918,False
cloudy_weather,0.35,0.65,0.04501193702458334,0.018898606800000002,34.27315238245228,75.16695882684422,10472.320200299999,0.6649183249384834,0.726574937568302,10.575611413799997,86.78512923192142,0.72162728790891,True,0.35,0.09364061308352968,0.7827343867866164,0.02952426324528903,0.5270832125876065,False
cloudy_weather,0.375,0.625,0.04397301636979167,0.018864045,34.02436480513203,74.52786549626171,11220.34307175,0.6649183249384838,0.7080878936876294,11.290658492999999,86.32879965949597,0.7142620228896732,True,0.37500000000000006,0.10969549119175413,0.753163590508969,0.03462717410020143,0.5225459882784848,False
cloudy_weather,0.4,0.6,0.042934095714999995,0.0188294832,33.76327824509364,73.85500832623862,11968.365943200002,0.6649183249384834,0.6895695789084879,12.0069150768,85.83982737730041,0.7069399266413319,True,0.40000000000000013,0.1265440530944904,0.7235427751274557,0.040095112444203176,0.5181254305533732,False
cloudy_weather,0.425,0.575,0.041895175060208324,0.018794921399999998,33.48935393904462,73.1456390623219,12716.38881465,0.6649183249384829,0.6710228727267327,12.724269791250002,85.31457990828544,0.699667004940655,True,0.42500000000000004,0.14422106652042962,0.6938765465155663,0.04596869849497278,0.5138306859177361,False
cloudy_weather,0.45,0.55,0.04085625440541667,0.0187603596,33.2007041550494,72.39670286786333,13464.4116861,0.6649183249384829,0.6524315999832608,13.443348263699997,84.7488650512068,0.6924439466311617,True,0.45000000000000007,0.1628483514834692,0.6641390318329657,0.05229481159263621,0.5096716964770792,False
cloudy_weather,0.475,0.525,0.039817333750624996,0.0187257978,32.89907544047368,71.60479434647367,14212.434557549997,0.6649183249384834,0.6338337974899377,14.162679295649998,84.13781875211839,0.6852892392374063,True,0.475,0.18231319895943457,0.6343910725436532,0.059127844078125075,0.5056593780471555,False
cloudy_weather,0.5,0.5,0.03877841309583333,0.018691236,32.582661160761354,70.76610577087985,14960.457428999998,0.6649183249384829,0.6152161805276418,14.8827767172,83.47576489582681,0.6782061940200894,True,0.5,0.20273219554761165,0.6046114191863693,0.0665312691768981,0.5018056249734445,False
cloudy_weather,0.525,0.475,0.03773949244104166,0.0186566742,32.24855366643726,69.87636585778631,15708.48030045,0.6649183249384825,0.5965518552667749,15.60468073545,82.75603845596558,0.6711951890812086,True,0.5250000000000001,0.22429297906500076,0.5747570539611183,0.07457961862533402,0.4981245608205162,False
cloudy_weather,0.55,0.44999999999999996,0.03670057178625,0.018622112399999998,31.895600847310035,68.93076701137441,16456.5031719,0.6649183249384831,0.5778404965481092,16.328403927,81.97076032332627,0.6642662614287027,True,0.55,0.24706989803369778,0.5448274567621793,0.08336100065558835,0.4946315286881066,False
cloudy_weather,0.575,0.42500000000000004,0.03566165113145833,0.0185875506,31.524188612869033,67.92387841948991,17204.526043349997,0.6649183249384829,0.5591043580273501,17.053085558699998,81.11054767372869,0.6574380362128408,True,0.575,0.2710380487592373,0.5148582232382425,0.09298033881031999,0.49134272559190095,False
cloudy_weather,0.6,0.4,0.03462273047666666,0.0185529888,31.134069708495858,66.84954168563168,17952.548914799994,0.6649183249384831,0.5403577707278729,17.778171331199996,80.16413726797859,0.6507287201425725,True,0.5999999999999999,0.29621338719409407,0.4848722764577776,0.10356358439538069,0.48827630030859737,False
cloudy_weather,0.625,0.375,0.033583809821875005,0.018518427,30.722417065373055,65.70074476030855,18700.57178625,0.6649183249384831,0.5215820144459836,18.5043853098,79.11788953697679,0.6441491828329697,True,0.625,0.32277835108599123,0.45483967267567893,0.11526326205396328,0.48545489025615657,False
cloudy_weather,0.65,0.35,0.032544889167083334,0.0184838652,30.286600170512607,64.46946871869287,19448.5946577,0.6649183249384834,0.5027637132485792,19.2322448526,77.95512698493506,0.6377153436359003,True,0.65,0.3509026939485069,0.424739016530127,0.1282658680804854,0.4829044557736026,False
cloudy_weather,0.675,0.32499999999999996,0.03150596851229166,0.018449303400000002,29.824853714833733,63.146500307151804,20196.61752915,0.6649183249384838,0.48390355482392466,19.961723361,76.65523852401095,0.6314516537170877,True,0.675,0.38070033554572497,0.39457140800712937,0.1428018862091565,0.48065406285499185,False
cloudy_weather,0.7,0.30000000000000004,0.030467047857500002,0.018414741600000003,29.33652711433276,61.72120099150051,20944.640400599998,0.6649183249384834,0.46501922667987317,20.692136712599996,75.19244707258967,0.6253931507046877,True,0.7,0.41221325967358324,0.36436513901180373,0.1591595689608047,0.4787360946401947,False
cloudy_weather,0.725,0.275,0.029428127202708335,0.0183801798,28.82054077218835,60.18122025722974,21692.66327205,0.6649183249384834,0.4461253783673989,21.422918287949997,73.53408284340216,0.6195812558775506,True,0.725,0.445511135386941,0.334143642110774,0.17770424661897238,0.4771889360337666,False
cloudy_weather,0.75,0.25,0.02838920654791667,0.018345617999999998,28.273870818344758,58.51213680418215,22440.6861435,0.6649183249384838,0.42721518768958006,22.154331957900002,71.6381144413427,0.6140609783822787,True,0.7500000000000001,0.4807891005045071,0.3038960049160649,0.19890593575784762,0.47606085619996497,False
cloudy_weather,0.775,0.22499999999999998,0.027350285893124996,0.0183110562,27.692407579110693,56.697005552898865,23188.70901495,0.6649183249384825,0.4082725109817324,22.88700213165,69.44953686719909,0.6088882779163591,True,0.7750000000000001,0.5183123624409318,0.27359640496397586,0.2233797304333831,0.47541173687507277,False
cloudy_weather,0.8,0.19999999999999996,0.026311365238333332,0.0182764944,27.075404444643482,54.71578029709926,23936.731886400004,0.6649183249384834,0.38932831030233317,23.61973125,66.89494733913062,0.6041519834076323,True,0.8000000000000003,0.5581291017772058,0.24329436735594911,0.25194645812394023,0.47531028005953946,False
cloudy_weather,0.825,0.17500000000000004,0.025272444583541675,0.0182419326,26.417262579930675,52.54457026615385,24684.754757849998,0.6649183249384834,0.37035852333722385,24.353450001899994,63.87415141585871,0.5999526589260307,True,0.8250000000000001,0.600600625193675,0.212951403418807,0.28572654435724654,0.4758508230074062,False
cloudy_weather,0.85,0.15000000000000002,0.02423352392875,0.0182073708,25.715168879224755,50.15467204645298,25432.7776293,0.6649183249384829,0.3513805505378086,25.087485367799996,60.24671208506313,0.5964441978985013,True,0.8500000000000001,0.6459084693666012,0.18259534589892706,0.3262904276889084,0.47715060164823264,False
cloudy_weather,0.875,0.125,0.023194603273958336,0.018172809,24.96438126058226,47.51129347009697,26180.800500749996,0.6649183249384834,0.3323959862639791,25.8217756806,55.80949058948372,0.5938399407081424,True,0.875,0.6943586525803441,0.15222874504132738,0.37590970968085535,0.4793701510072167,False
cloudy_weather,0.9,0.09999999999999998,0.022155682619166665,0.018138247200000002,24.15761912522833,44.57184871892683,26928.8233722,0.6649183249384829,0.3133855522779349,26.5570665894,50.25725620617,0.5924510040684441,True,0.9000000000000001,0.7464210098931663,0.12182076450211937,0.43799763651197987,0.48273788589875344,False
cloudy_weather,0.925,0.07499999999999996,0.021116761964374998,0.0181036854,23.288938514055367,41.283646584295916,27676.84624365,0.6649183249384831,0.2943583627760761,27.29300557275,43.109334301840015,0.5927740519192836,True,0.9250000000000002,0.802479119697448,0.09138598281785655,0.5179293579689117,0.4875861155228865,False
cloudy_weather,0.95,0.050000000000000044,0.020077841309583337,0.0180691236,22.35130295223741,37.580703988456534,28424.869115099995,0.6649183249384834,0.27532499718796294,28.0291834365,33.562398372615405,0.595631244457493,True,0.95,0.8629870631288282,0.06094132222652796,0.624688082207308,0.4944390943963239,False
cloudy_weather,0.975,0.025000000000000022,0.01903892065479167,0.018034561799999998,21.33505759864346,33.379272618198854,29172.891986549996,0.6649183249384831,0.2562831998911219,28.76568742425,20.16515381407254,0.6024921709396455,True,0.975,0.9285678909810086,0.030483174766088365,0.774502928350933,0.5042002474868678,False
cloudy_weather,1.0,0.0,0.018,0.018,20.228140359788366,28.571428571428573,29920.914857999996,0.6649183249384829,0.23722575604579413,29.502796593599996,0.0,0.6162953095010306,True,1.0,1.0,0.0,1.0,0.5186128780228971,False
high_demand,0.0,1.0,0.0747943291286111,0.0198893784,43.01292439701607,85.55583518887997,0.0,0.0,0.8747202349629675,7.268408945,93.2469060565036,0.5143513508827997,True,0.0,0.004179285183071653,0.9806122186051331,0.0013715961414508288,0.5361168119265304,False
high_demand,0.025,0.975,0.07337447090039582,0.019842143939999998,42.90356949755444,85.26189033704777,1022.2979243149999,0.6649183249384829,0.8581622830775166,8.229058620225,93.08572230585497,0.7572801660839186,True,0.0205,0.009809057441414621,0.9570689149057895,0.0030977946658355604,0.5305142813788413,False
high_demand,0.05,0.95,0.07195461267218055,0.019794909479999998,42.78088036136166,84.95573315548965,2044.5958486299999,0.6649183249384829,0.8414786421000655,9.197000452490002,92.91665610513859,0.7501869721171677,True,0.041,0.016125298403078657,0.9333468972878932,0.004908410345304088,0.524938226056549,False
high_demand,0.075,0.925,0.07053475444396527,0.019747675019999997,42.64548267927886,84.6365864328503,3066.8937729449995,0.6649183249384831,0.8246893319448596,10.17107293799,92.739114742375,0.7430801192742542,True,0.0615,0.02309579646202643,0.9094746315257365,0.00680979083301745,0.5193969881359582,False
high_demand,0.1,0.9,0.07597177253737501,0.01992854844,43.094104467904195,85.7908457416838,4637.741802990001,0.6649183249384831,0.8883556174734856,6.477319209329996,93.37497881715727,0.7701968401101028,True,0.09300000000000003,0.0,1.0,0.0,0.5627778087367428,False
high_demand,0.125,0.875,0.07436144552244792,0.01987497765,42.98058851901603,85.4674679018704,5797.1772537375,0.6649183249384827,0.8696801337564214,7.560822621562496,93.19856668045196,0.7621963164719057,True,0.11625000000000002,0.005843990009375917,0.9734458350933289,0.0018892870332078116,0.5564057132406103,False
high_demand,0.15,0.85,0.07275111850752083,0.019821406859999998,42.85086102814191,85.1290281419842,6956.612704484999,0.6649183249384831,0.8508457509411698,8.653544949764997,93.01250246474659,0.754166363402496,True,0.1395,0.012522577186202446,0.9466657358590272,0.0038819430751407843,0.5500619327881751,False
high_demand,0.175,0.825,0.07114079149259375,0.019767836070000003,42.7047730148381,84.77444906605824,8116.0481552325,0.6649183249384831,0.8318671184588704,9.754636271714997,92.81597174541228,0.7461146855314033,True,0.16275000000000003,0.02004343129171764,0.9196805319267938,0.005986690212156396,0.5437574616264801,False
high_demand,0.2,0.8,0.0734091015888889,0.019843296,42.906410423568936,85.26920199456838,9973.638286,0.6649183249384834,0.8585678867734343,8.205526539599996,93.08974510803093,0.7574529830928767,True,0.2,0.00966280184113393,0.9576456318246832,0.0030547124373101813,0.5666506624672211,True
high_demand,0.225,0.775,0.07167756716423612,0.019785693,42.755667964434416,84.89450604994502,11220.34307175,0.6649183249384838,0.8382134983421304,9.386435674449995,92.88269893876613,0.7488020393863236,True,0.22500000000000003,0.017423274565885508,0.9287042777388759,0.00527207486017325,0.5598542718728443,False
high_demand,0.25,0.75,0.06994603273958334,0.01972809,42.58695559848812,84.50025088927227,12467.047857499998,0.6649183249384829,0.8177166250455349,10.575611413799997,92.66286244236679,0.7401357076311478,True,0.25,0.02610886800632534,0.899560328278995,0.007626415382486112,0.55311199632074,False
high_demand,0.275,0.725,0.06821449831493055,0.019670487,42.4058774607059,84.08486397566662,13713.752643250002,0.6649183249384838,0.7971654756571439,11.767936112049998,92.42901265609989,0.7314836964682031,True,0.2750000000000001,0.035431071965156,0.8703392051129949,0.0101308313323394,0.5464378607012619,False
high_demand,0.3,0.7,0.06648296389027777,0.019612883999999997,42.21091084071235,83.64659955676906,14960.457428999998,0.6649183249384829,0.776551983182818,12.963877795399998,92.1797655709209,0.7228468051799225,True,0.3,0.04546827810723407,0.8410294380002142,0.012800144764442486,0.5398391843457376,False
high_demand,0.325,0.675,0.06475142946562501,0.019555281,42.00222622545051,83.1835141397049,16207.16221475,0.6649183249384836,0.7558891983266253,14.162679295649996,91.91354871973685,0.7142321380763437,True,0.32500000000000007,0.05621170948093628,0.8116495833835936,0.015651196026315848,0.5333238737251282,False
high_demand,0.35,0.65,0.06301989504097222,0.019497678,41.779838422788565,82.69343767769993,17453.867000500002,0.6649183249384838,0.7351884490049393,15.363683396299995,91.62856796944256,0.705646557237203,True,0.3500000000000001,0.06766060375255839,0.7822157481208717,0.018703199399214405,0.5269000498474014,False
high_demand,0.375,0.625,0.06128836061631945,0.019440075,41.5382230883991,82.17393956727832,18700.57178625,0.6649183249384836,0.7143989520311036,16.5698364069,91.32276703461349,0.697080315202585,True,0.37500000000000006,0.08009936336399551,0.7526557249732219,0.021978176686522508,0.5205788618517995,False
high_demand,0.4,0.6,0.05955682619166666,0.019382472,41.28085775271166,81.62228833188794,19947.276572,0.6649183249384834,0.6935718471519153,17.778171331199996,90.99377778119347,0.6885518379317452,True,0.4,0.09334895925997706,0.7230422281626858,0.025501489436763995,0.514367564753061,False
high_demand,0.425,0.575,0.05782529176701388,0.019324868999999998,41.0052659405568,81.03540358060346,21193.98135775,0.6649183249384829,0.672693149012153,18.98949956345,90.63885877952936,0.6800625263948259,True,0.42500000000000004,0.1075368845046099,0.6933553722911412,0.02930249701031431,0.5082777692613979,False
high_demand,0.45,0.55,0.05609375734236111,0.019267265999999998,40.70812857885407,80.40979845809616,22440.6861435,0.6649183249384838,0.6517418663919965,20.205038960099994,90.25481873226539,0.6716127639864249,True,0.45000000000000007,0.12283401050506121,0.6635653105111851,0.03341537662891081,0.5023233346543216,False
high_demand,0.475,0.525,0.05436222291770834,0.019209663000000002,40.39117293395147,79.74151031524478,23687.390929250003,0.6649183249384834,0.6307502522449326,21.422918287949997,89.83792024772711,0.6632173473945896,True,0.47500000000000014,0.13915141471449968,0.6337179024245595,0.037880153915282475,0.49651363626786144,False
high_demand,0.5,0.5,0.05263068849305556,0.019152060000000002,40.053529468134414,79.02601668820617,24934.095714999996,0.6649183249384829,0.6097246185164075,22.6427713442,89.3837578100155,0.654885261586099,True,0.5,0.1565338623819186,0.6038221228156821,0.0427440097732949,0.4908618013857245,False
high_demand,0.525,0.475,0.05089915406840278,0.019094457,39.69426995317238,78.25813282081536,26180.800500750003,0.6649183249384831,0.5886714977313006,23.864219128600002,88.88710149578132,0.6466265325769592,True,0.5250000000000001,0.1750291402417707,0.5738872601048983,0.04806295410426715,0.48538199361761913,False
high_demand,0.55,0.44999999999999996,0.04916761964375,0.019036854,39.31120502775921,77.43188582050803,27427.505286500003,0.6649183249384838,0.5675870336918724,25.087485367799996,88.34169466991607,0.6384500604359081,True,0.5500000000000002,0.19474996025854568,0.5439078312689974,0.05390399238640961,0.4800919936309383,False
high_demand,0.575,0.42500000000000004,0.04743608521909722,0.018979251,38.90369207762582,76.54035898630829,28674.210072249996,0.6649183249384836,0.546483960941123,26.311831236449994,87.73998903355641,0.6303704092346973,True,0.5750000000000001,0.21572940528452242,0.5139019432100522,0.060347963180104644,0.4750089837432503,False
high_demand,0.6,0.4,0.045704550794444444,0.018921648000000003,38.46743626979428,75.5754977214219,29920.914857999996,0.6649183249384829,0.5253429878625118,27.5383759844,87.07279315917494,0.6223966788393668,True,0.6,0.2381885804706586,0.48384216570056815,0.0674933021438537,0.47015866267910417,False
high_demand,0.625,0.375,0.04397301636979167,0.018864045,38.002600388953866,74.52786549626171,31167.619643749997,0.6649183249384829,0.5041887999274146,28.76568742425,86.32879965949597,0.6145509595299329,True,0.625,0.2621191053901755,0.4537635983442637,0.07546110582213694,0.46556168089776684,False
high_demand,0.65,0.35,0.04224148194513889,0.018806442,37.50449493861111,73.38633419250921,32414.3244295,0.6649183249384836,0.48300471532934247,29.994733391399997,85.49393910987457,0.6068491929111073,True,0.6500000000000001,0.2877624031287743,0.42364252173193007,0.08440205081829252,0.4612510728480951,False
high_demand,0.675,0.32499999999999996,0.04050994752048611,0.018748839,36.967453451941765,72.13768727746371,33661.02921525,0.6649183249384836,0.4617697155118588,31.2267333283,84.55048184987174,0.5993109832265812,True,0.675,0.3154101928310659,0.3934490501469683,0.09450601305693748,0.457266592348133,False
high_demand,0.7,0.30000000000000004,0.03877841309583333,0.018691236,36.39018272514556,70.76610577087986,34907.734001000004,0.6649183249384838,0.4405059876062548,32.46039999479999,83.47576489582681,0.5919715640766968,True,0.7000000000000002,0.3451290507813778,0.36321473087093953,0.10601570192283157,0.45364460960356967,False
high_demand,0.725,0.275,0.03704687867118056,0.018633633,35.77165036974853,69.25249452462087,36154.438786750005,0.6649183249384822,0.4192422597006506,33.6940666613,82.24034776714207,0.5848753683586536,True,0.7250000000000002,0.3769721260568811,0.3329804115949104,0.11924641045240332,0.45042731044096873,False
high_demand,0.75,0.25,0.035315344246527776,0.01857603,35.10685948611478,67.57358777930669,37401.1435725,0.6649183249384836,0.39797853179504644,34.92773332779999,80.80527419879081,0.5780713461367505,True,0.7500000000000001,0.41119666736875743,0.3027460923188816,0.13461534104312778,0.4476741422868814,False
high_demand,0.775,0.22499999999999998,0.033583809821875005,0.018518427,34.38911450399063,65.70074476030855,38647.848358250005,0.6649183249384836,0.3767080091691809,36.16179420645,79.11788953697679,0.5716224855811733,True,0.7750000000000002,0.44814737381922826,0.2725021118139896,0.1526863990844708,0.4454606417930973,False
high_demand,0.8,0.19999999999999996,0.03185227539722222,0.018460824,33.61082866210156,63.598302315419765,39894.553144,0.6649183249384834,0.3554259392169842,37.3965250312,77.10523937947669,0.5656147759439631,True,0.8,0.48821482450776055,0.24224171247827797,0.17424089026610934,0.44388140904578943,False
high_demand,0.825,0.17500000000000004,0.03012074097256945,0.018403221,32.764971697129305,61.22128211886088,41141.25792975,0.6649183249384831,0.33414386926478773,38.631255855949995,74.66324353949308,0.5601715542354028,True,0.8250000000000001,0.5317609490926761,0.21198131314256655,0.20039346208907502,0.4430538814150057,False
high_demand,0.85,0.15000000000000002,0.02838920654791667,0.018345617999999998,31.84137300913821,58.512136804182155,42387.9627155,0.6649183249384829,0.31286179931259106,39.8659866807,71.63811444134271,0.5554669492310468,True,0.8500000000000001,0.5793093469888192,0.18172091380685496,0.23279110368933761,0.44313894826977085,False
high_demand,0.875,0.125,0.02665767212326389,0.018288014999999998,30.82756264781284,55.39602973122242,43634.66750125,0.6649183249384834,0.29157972936039445,41.10071750544999,67.79265915973194,0.5517630937568199,True,0.8750000000000001,0.6315019919961234,0.1514605144711435,0.2739740343879434,0.44435991664612734,False
high_demand,0.9,0.09999999999999998,0.02492613769861111,0.018230412,29.708047080166427,51.773814818993614,44881.372287,0.6649183249384838,0.27029765940819783,42.3354483302,62.74086786951288,0.5494769847038433,True,0.9000000000000001,0.689136516983551,0.12120011513543175,0.32807622915375156,0.4470431302228624,False
high_demand,0.925,0.07499999999999996,0.023194603273958333,0.018172809,28.462306107996927,47.511293470096966,46128.077072750006,0.6649183249384831,0.24900780421860852,43.57063083435,55.80949058948371,0.5493194090928963,True,0.9250000000000003,0.7532693359128203,0.09092864618135348,0.40230786345057845,0.45170256028689165,False
high_demand,0.95,0.050000000000000044,0.02146306884930556,0.018115206,27.06381475334992,42.422221890119296,47374.781858500006,0.6649183249384834,0.22769901316165617,44.8069119487,45.70979496640525,0.5526271314496402,True,0.9500000000000003,0.8252659988029619,0.060630252829908596,0.5104706255846961,0.45922596296349805,False
high_demand,0.975,0.025000000000000022,0.019731534424652777,0.018057603,25.48053103751924,36.240371871088364,48621.48664425,0.6649183249384829,0.20637845377923744,46.04387583095,29.625856648808337,0.56228338547681,True,0.9750000000000001,0.9067760800554019,0.03031512641495421,0.682721677433305,0.47137323541108966,False
high_demand,1.0,0.0,0.018,0.018,23.669713134920634,28.571428571428573,49868.19142999999,0.6649183249384829,0.18505789439681875,47.280839713199995,0.0,0.5859366262087272,True,1.0,1.0,0.0,1.0,0.4925289471984094,False
high_fdia_10,0.0,1.0,0.06911489621575,0.019700440559999997,33.407497382415684,76.12199786239721,0.0,0.0,1.0,0.0,92.55244455342634,0.5906325606817422,False,0.0,0.17289253735337168,1.0,0.0015126456701522652,0.6260095128865133,False
high_fdia_10,0.025,0.975,0.06783702381035626,0.019657929546,33.8335730973123,77.63639369483585,920.0681318834999,0.6649183249384829,1.0,0.0,92.37604053194005,0.8399568132734353,False,0.020499999999999997,0.14615296251383694,1.0,0.0034157524498474997,0.6261937319995678,False
high_fdia_10,0.05,0.95,0.06655915140496249,0.019615418532,34.27397803126781,79.21226837594159,1840.1362637669997,0.6649183249384829,1.0,0.0,92.19107710164012,0.8392609668358242,False,0.040999999999999995,0.11851411739904102,1.0,0.005411201052626882,0.6262476776624875,False
high_fdia_10,0.075,0.925,0.06528127899956875,0.019572907518,34.729471762085986,80.85344319022423,2760.2043956504995,0.6649183249384831,1.0,0.0,91.9969157983007,0.8385441406775272,False,0.06149999999999999,0.08992833257648493,1.0,0.0075058794484276,0.6261645438588941,False
high_fdia_10,0.1,0.9,0.07017459528363751,0.019735693596,33.06452640799142,74.91025522615531,4173.9676226910005,0.6649183249384836,1.0,0.0,92.69265569772242,0.8411782914862946,True,0.09300000000000001,0.19441664144513124,1.0,0.0,0.6477624962167696,False
high_fdia_10,0.125,0.875,0.06872530097020312,0.019687479885,33.535923510535525,76.57740607659017,5217.459528363751,0.6649183249384829,1.0,0.0,92.49953399979763,0.8404286189791313,True,0.11625000000000002,0.16483279598781325,1.0,0.002083462777833929,0.6480790925370636,False
high_fdia_10,0.15,0.85,0.06727600665676875,0.019639266174,34.025113451873565,78.32045190667657,6260.951434036499,0.6649183249384829,1.0,0.0,92.29592739233783,0.839653845703915,False,0.13949999999999999,0.13413231109786833,1.0,0.004280040337589905,0.6482338486815598,False
high_fdia_10,0.175,0.825,0.06582671234333438,0.019591052463,34.533157033085054,80.14469596591262,7304.44333970925,0.6649183249384825,1.0,0.0,92.08095818396437,0.8388527277498655,False,0.16275,0.10224861323246429,1.0,0.006599201513363001,0.6482172520605377,False
high_fdia_10,0.2,0.8,0.06786819143,0.019658966400000002,33.823013499514154,77.59874065496264,8976.2744574,0.6649183249384836,1.0,0.0,92.3804424366199,0.8399735305643518,True,0.2,0.14681565964894006,1.0,0.003368263200060468,0.6621907621073441,True
high_fdia_10,0.225,0.775,0.06630981044781249,0.0196071237,34.361645325751965,79.52724504984597,10098.308764575,0.6649183249384838,1.0,0.0,92.15393527065643,0.8391227740778396,True,0.225,0.11301231079547198,1.0,0.005811899799513667,0.6622424416092965,False
high_fdia_10,0.25,0.75,0.064751429465625,0.019555281,34.922950648585505,81.55404778195934,11220.34307175,0.6649183249384838,1.0,0.0,91.91354871973685,0.8382405499830922,True,0.25,0.07778602315929826,1.0,0.00840527194005843,0.6620881670708977,False
high_fdia_10,0.275,0.725,0.06319304848343751,0.019503438300000002,35.49546122443128,82.74372697892386,12342.377378925,0.6649183249384834,0.9993899056653291,0.02359740014999974,91.65796676020089,0.8370765683403346,True,0.275,0.041856518486712846,0.999200163954792,0.011162577334020072,0.6614515758678517,False
high_fdia_10,0.3,0.7,0.06163466750124999,0.0194515956,35.907877718438876,82.28031933756405,13464.4116861,0.6649183249384829,0.991059012411736,0.3458220308999998,91.38570156018038,0.8327750985882232,True,0.3,0.015974166310761356,0.9882783305032508,0.014099867219298469,0.6574584575637723,False
high_fdia_10,0.325,0.675,0.06007628651906251,0.0193997529,36.110201832514065,81.79133575818358,14586.445993275001,0.6649183249384831,0.9748050140861186,0.9744987464999972,91.09506449648876,0.8253467881772366,True,0.32500000000000007,0.0032767498633847307,0.9669692754919582,0.017235359039053943,0.6504527150237156,False
high_fdia_10,0.35,0.65,0.058517905536875005,0.0193479102,36.162414463004914,81.27459881052657,15708.480300449999,0.6649183249384825,0.9539287541062421,1.7819565974999974,90.7841310994952,0.8161589793223039,True,0.35,0.0,0.939600417477489,0.020589814628367713,0.6419539095322884,False
high_fdia_10,0.375,0.625,0.05695952455468751,0.0192960675,36.120704247043726,80.72767667516962,16830.514607625,0.6649183249384834,0.93061052063027,2.683865785724998,90.45069838817338,0.8060826274013608,True,0.375,0.0026176414244542747,0.909030122713614,0.024187000498294326,0.6328102688250794,False
high_fdia_10,0.4,0.6,0.0554011435725,0.0192442248,36.01786229302165,80.14784487545043,17952.5489148,0.6649183249384836,0.9059711665499548,3.636873647999999,90.09223259569872,0.7955590677657377,True,0.4,0.009071776288452583,0.8767278337000453,0.028054251789957,0.6234218456777477,False
high_fdia_10,0.425,0.575,0.053842762590312496,0.0191923821,35.858267855109716,79.53204088705712,19074.583221975,0.6649183249384831,0.8802775865279306,4.63065715755,89.70580466204342,0.784702573565306,True,0.42500000000000004,0.019087572231094124,0.8430434503773611,0.03222316820244461,0.6139174325464878,False
high_fdia_10,0.45,0.55,0.05228438160812501,0.0191405394,35.65636877656954,78.87681002925005,20196.61752915,0.6649183249384838,0.8539381101600808,5.649422827499996,89.28801001819582,0.7736714020007015,True,0.45,0.03175831438303292,0.8085122944336226,0.03673047938802612,0.604420555650259,False
high_fdia_10,0.475,0.525,0.05072600062593751,0.0190886967,35.41763677132564,78.17824061942792,21318.651836324996,0.6649183249384836,0.8271385602150979,6.685983352574997,88.83486801049898,0.7625422105436438,True,0.4749999999999999,0.04674061001178154,0.7733779802411891,0.04161912999670617,0.5949991261332704,False
high_fdia_10,0.5,0.5,0.04916761964375,0.019036854,35.144650922021,77.43188582050803,22440.6861435,0.6649183249384838,0.7999812035457611,7.736383226699998,88.34169466991607,0.7513605450816345,True,0.5,0.06387260156259424,0.737774580041736,0.046939652284806184,0.5856959326256835,False
high_fdia_10,0.525,0.475,0.047609238661562504,0.018985011299999997,34.842696785708355,76.63266888233831,23562.720450675002,0.6649183249384838,0.7726067417667943,8.795180353274999,87.80294020371919,0.7401847000199216,True,0.525,0.08282257909885937,0.7018865541993085,0.05275191931007942,0.5765530091336608,False
high_fdia_10,0.55,0.44999999999999996,0.04605085767937499,0.0189331686,34.51040432877785,75.77476750947477,24684.75475785,0.6649183249384834,0.7450321028900443,9.861719985899999,87.21197924494,0.7290316583980242,True,0.55,0.10367652291694804,0.6657360954032646,0.059127407792212885,0.5675975098125015,False
high_fdia_10,0.575,0.42500000000000004,0.044492476697187505,0.0188813259,34.15038244133551,74.85147178642953,25806.789065025,0.6649183249384838,0.7173373596847773,10.932905047499995,86.56083702117405,0.7179402099543046,True,0.5750000000000001,0.12627070481128785,0.6294281793654892,0.06615215229720763,0.5588597111154912,False
high_fdia_10,0.6,0.4,0.042934095715,0.0188294832,33.76327824509364,73.85500832623862,26928.8233722,0.6649183249384829,0.6895695789084879,12.006915076799997,85.8398273773004,0.7069399266413319,True,0.6,0.15056451284636674,0.5930245107880843,0.07393065037180074,0.5503684499785974,False
high_fdia_10,0.625,0.375,0.0413757147328125,0.0187776405,33.34665605287781,72.7763208874658,28050.857679375,0.6649183249384831,0.6617288810764853,13.083745412474997,85.03706767225552,0.6960476167064072,True,0.625,0.17671080539267892,0.5565252476670894,0.08259109600260386,0.5421531409139836,False
high_fdia_10,0.65,0.35,0.039817333750624996,0.0187257978,32.89907544047368,71.60479434647367,29172.891986550003,0.6649183249384831,0.6338337974899376,14.162679295649998,84.13781875211839,0.6852892392374061,True,0.6500000000000001,0.20479998030613047,0.5199546846103976,0.09229250021168858,0.5342469892625126,False
high_fdia_10,0.675,0.32499999999999996,0.0382589527684375,0.0186739551,32.41812681695369,70.32790419435726,30294.926293725006,0.6649183249384834,0.6058932087664829,15.243373239300002,83.12357170568238,0.6746921186053276,True,0.6750000000000002,0.23498325821415308,0.48332446414226615,0.10323454344911126,0.5266882667020466,False
high_fdia_10,0.7,0.30000000000000004,0.036700571786250004,0.0186221124,31.895600847310043,68.93076701137443,31416.960600899998,0.6649183249384825,0.5778404965481093,16.328403926999997,81.97076032332629,0.6642662614287028,True,0.7,0.2677758389278341,0.4465472493362851,0.115671466025971,0.5195249223481567,False
high_fdia_10,0.725,0.275,0.03514219080406251,0.0185702697,31.331659321018066,67.39555766820749,32538.994908074998,0.6649183249384842,0.5497338055128713,17.415522422549998,80.64890716251288,0.6540679866762431,True,0.725,0.30316756889551033,0.40969926809148915,0.12993206899244622,0.5128085683495335,False
high_fdia_10,0.75,0.25,0.033583809821875005,0.018518427,30.722417065373055,65.70074476030855,33661.02921525,0.6649183249384834,0.5215820144459836,18.5043853098,79.11788953697679,0.6441491828329697,True,0.75,0.341402273011842,0.37279216052982134,0.1464492095793861,0.5066030247067196,False
high_fdia_10,0.775,0.22499999999999998,0.032025428839687495,0.018466584299999998,30.058970595765043,63.820074509806865,34783.063522425,0.6649183249384834,0.49333731848385637,19.596841598700003,77.32379614528116,0.6345600559809241,True,0.775,0.38303871439037246,0.3357632542892181,0.16580450130332045,0.5009910168945718,False
high_fdia_10,0.8,0.19999999999999996,0.0304670478575,0.018414741600000003,29.33652711433276,61.72120099150051,35905.0978296,0.6649183249384836,0.46501922667987317,20.6921367126,75.19244707258967,0.6253931507046877,True,0.8,0.4283776784845352,0.29863812581452975,0.18879822239857075,0.4960699888139984,False
high_fdia_10,0.825,0.17500000000000004,0.0289086668753125,0.0183628989,28.551469859509517,59.36381021560002,37027.132136775,0.6649183249384825,0.4366756271885538,21.78841842,72.61888033344509,0.616782212182385,True,0.825,0.47764614529625954,0.2614795566625527,0.21656273858135414,0.4919608279840388,False
high_fdia_10,0.85,0.15000000000000002,0.027350285893124996,0.0183110562,27.6924075791107,56.69700555289887,38149.16644395,0.6649183249384831,0.4082725109817324,22.88700213165,69.44953686719909,0.6088882779163591,True,0.8500000000000001,0.5315590047609655,0.22424296086511175,0.25075469739825834,0.48883213716143525,False
high_fdia_10,0.875,0.125,0.0257919049109375,0.018259213500000003,26.75168976421054,53.65559134167803,39271.20075112499,0.6649183249384827,0.3798461607123996,23.9864844969,65.45045353189649,0.6019769392602623,True,0.8749999999999998,0.5905963859938053,0.18697590512136877,0.29389817306200355,0.48690503742050767,False
high_fdia_10,0.9,0.09999999999999998,0.02423352392875,0.0182073708,25.715168879224755,50.15467204645297,40393.2350583,0.6649183249384838,0.35138055053780853,25.087485367799996,60.24671208506313,0.5964441978985013,True,0.9,0.6556461572147325,0.1496573794891637,0.3500379115090617,0.4865048323754836,False
high_fdia_10,0.925,0.07499999999999996,0.022675142946562497,0.0181555281,24.568466968443357,46.08160346582275,41515.269365475,0.6649183249384827,0.32289492831242905,26.189260270425,53.1974649500495,0.5929683188536569,True,0.9249999999999999,0.7276106473040502,0.11231261798055436,0.4260875950784024,0.48812470280379766,False
high_fdia_10,0.95,0.050000000000000044,0.021116761964375005,0.0181036854,23.288938514055367,41.28364658429593,42637.30367264999,0.6649183249384836,0.2943583627760762,27.293005572749994,43.10933430184004,0.5927740519192836,True,0.9499999999999998,0.8079110391574639,0.07490106959315745,0.5349217909731407,0.49260203376963035,False
high_fdia_10,0.975,0.025000000000000022,0.0195583809821875,0.0180518427,21.853580573383113,35.54838578611943,43759.337979825,0.6649183249384838,0.2658040985395424,28.397435430374994,27.477309825925246,0.5984273733701027,True,0.9750000000000001,0.8979909468692628,0.03746631814099909,0.7035654052729833,0.5015255933779097,False
high_fdia_10,1.0,0.0,0.018,0.018,20.228140359788366,28.571428571428573,44881.372287,0.6649183249384838,0.23722575604579413,29.502796593599996,0.0,0.6162953095010306,True,1.0,1.0,0.0,1.0,0.5186128780228971,False
high_fdia_20,0.0,1.0,0.06343546330288889,0.01951150272,35.41156970204812,82.81364299203999,0.0,0.0,0.999801182974292,0.007689900799999945,91.69877986910348,0.5873886130652317,False,0.0,0.046937967447280154,0.9997393501061635,0.0016860303730613583,0.6069995231335074,False
high_fdia_20,0.025,0.975,0.06229957672031667,0.019473715152000002,35.75887236767308,82.4810496607867,817.8383394520001,0.6649183249384831,0.9957413832477955,0.16471597567199986,91.50401193425054,0.8350618657919112,False,0.020500000000000004,0.025137820922395165,0.9944169368775118,0.0038064462660168373,0.605373380763309,False
high_fdia_20,0.05,0.95,0.06116369013774445,0.019435927584,35.98691678693493,82.13532949019758,1635.6766789040003,0.6649183249384831,0.9867556763633122,0.5122676720800001,91.29988489937963,0.8307663358902411,False,0.04100000000000001,0.010823500169501569,0.9826366402095208,0.0060287535942173285,0.6017664649077444,False
high_fdia_20,0.075,0.925,0.060027803555172225,0.019398140016,36.1140768140199,81.77568969759461,2453.515018356,0.6649183249384838,0.9742203192501602,0.9971137376999981,91.08570756429025,0.8250852824702419,False,0.0615,0.002841680572544221,0.9662027382883323,0.008360477373993036,0.5968747094084945,False
high_fdia_20,0.1,0.9,0.0643774180299,0.019542838752,35.061202899708015,82.05594738097196,3710.1934423920006,0.6649183249384831,1.0,0.0,91.85364790935513,0.8380239462912288,True,0.09300000000000003,0.06893044946501908,1.0,0.0,0.6289395674197528,False
high_fdia_20,0.125,0.875,0.06308915641795834,0.019499982120000002,35.52953714500832,82.71358853072358,4637.741802990001,0.6649183249384829,0.9991229001230257,0.03392471555999931,91.64035231630389,0.8369058784490412,True,0.11625000000000003,0.03953316524954671,0.9988501186505364,0.002322124356582234,0.6287425429318275,False
high_fdia_20,0.15,0.85,0.06180089480601667,0.019457125488,35.87487281198431,82.33093192674197,5565.290163588001,0.6649183249384838,0.9923916521181121,0.2942778177839982,91.4155869927575,0.8334109108364243,False,0.1395,0.017856486993137514,0.9900254263405037,0.0047691183373569585,0.6260152976589449,False
high_fdia_20,0.175,0.825,0.06051263319407501,0.019414268856,36.07091744835869,81.93095064221009,6492.8385241860005,0.6649183249384831,0.9799296463614368,0.7762867790219979,91.17840121899872,0.8276481047469305,False,0.16275000000000003,0.0055507887610529525,0.9736876883328953,0.0073513323175011785,0.6210837769440408,False
high_fdia_20,0.2,0.8,0.06232728127111112,0.0194746368,35.751881764676526,82.48931477753156,7978.910628800001,0.6649183249384836,0.99590524218615,0.15837819359999838,91.50887104847767,0.8351447244059369,True,0.20000000000000004,0.025576620231199516,0.9946317565828877,0.0037535456535999438,0.6414399670687236,True
high_fdia_20,0.225,0.775,0.06094205373138888,0.019428554400000003,36.018306418135396,82.06627478453578,8976.2744574,0.6649183249384836,0.9845263434003387,0.5984944389999977,91.25890616453638,0.8297413355293453,True,0.22500000000000003,0.008853176796656308,0.979713976025926,0.006474884322565643,0.6368862900383886,False
high_fdia_20,0.25,0.75,0.05955682619166666,0.019382472,36.143552955156466,81.62228833188794,9973.638286,0.6649183249384834,0.9682972702827081,1.2262070903999978,90.99377778119347,0.8224528879357124,True,0.25,0.0009914667407299731,0.9584375980592295,0.009361306248938684,0.6306091802708335,False
high_fdia_20,0.275,0.725,0.058171598651944455,0.0193363896,36.15934821788743,81.15576020805703,10971.002114600002,0.6649183249384831,0.9488944019075516,1.9766766867999983,90.71206295467755,0.8139717214679458,True,0.2750000000000001,0.0,0.9330003621680801,0.012428302856345401,0.6233686523134011,False
high_fdia_20,0.3,0.7,0.05678637111222222,0.0192903072,36.11161602697314,80.66492900120681,11968.3659432,0.6649183249384834,0.9279185814380568,2.7879853663999987,90.41215495348472,0.8049279746396947,True,0.30000000000000004,0.0029961438793244264,0.905500979964564,0.01569336644411705,0.6157434786195893,False
high_fdia_20,0.325,0.675,0.0554011435725,0.0192442248,36.01786229302165,80.14784487545043,12965.7297718,0.6649183249384831,0.9059711665499548,3.636873647999996,90.09223259569873,0.7955590677657376,True,0.32500000000000007,0.008881054476597521,0.8767278337000454,0.01917632400832502,0.6079493410168879,False
high_fdia_20,0.35,0.65,0.054015916032777785,0.0191981424,35.8782414910794,79.60234368309568,13963.093600400001,0.6649183249384834,0.883169009581975,4.518821883999997,89.75022323558248,0.7859193480941475,True,0.35000000000000003,0.0176450354117449,0.8468341172449984,0.022899740202462014,0.6000596588373722,False
high_fdia_20,0.375,0.625,0.05263068849305556,0.019152060000000002,35.703895700101356,79.02601668820617,14960.457429,0.6649183249384827,0.8598231713276697,5.421798777599998,89.3837578100155,0.7761288778872331,True,0.375,0.028588699729664848,0.8162276325093826,0.026889406741657372,0.5921671242113058,False
high_fdia_20,0.4,0.6,0.051245460953333336,0.019105977599999997,35.501631998747065,78.41617500823753,15957.821257600002,0.6649183249384836,0.8361253472759964,6.338389876799998,88.99011588387467,0.7662630263928297,True,0.4000000000000001,0.04128476792210038,0.7851596930246614,0.03117494068723667,0.5843301051631413,False
high_fdia_20,0.425,0.575,0.049860233413611114,0.0190598952,35.26954749663442,77.76980766651003,16955.1850862,0.6649183249384829,0.8120803524444511,7.268408944999999,88.56615799858128,0.7563309056081529,True,0.425,0.05585268418933195,0.7536366112974956,0.0357905209602354,0.5765712660283867,False
high_fdia_20,0.45,0.55,0.0484750058738889,0.0190138128,35.01476699514375,77.08353187482311,17952.5489148,0.6649183249384836,0.7878518301601515,8.205526539599996,88.10824176432848,0.7463955478174522,True,0.45000000000000007,0.07184522560615489,0.7218729243660919,0.04077580183557616,0.568928781449387,False
high_fdia_20,0.475,0.525,0.047089778334166665,0.0189677304,34.73572740663691,76.35353381366474,18949.9127434,0.6649183249384836,0.763442392059324,9.149641646999996,87.61211694848716,0.7364655046649348,True,0.47500000000000003,0.08936050699550563,0.6898720560956986,0.046177055102413454,0.5614213304436785,False
high_fdia_20,0.5,0.5,0.045704550794444444,0.018921648000000003,34.43235261587226,75.5754977214219,19947.276572,0.6649183249384834,0.7388797144494637,10.099683795199997,87.07279315917494,0.7265583731113392,True,0.5,0.10840330610194131,0.6576702902330652,0.05204861057775448,0.5540698126922173,False
high_fdia_20,0.525,0.475,0.04431932325472222,0.0188755656,34.108656666726915,74.7445205083114,20944.6404006,0.6649183249384834,0.7142542043523946,11.052156195999999,86.48437139207803,0.7167127072330458,True,0.525,0.12872166187436862,0.625386150735367,0.05845469003665176,0.5468967010327219,False
high_fdia_20,0.55,0.44999999999999996,0.042934095714999995,0.0188294832,33.76327824509364,73.85500832623862,21942.004229200003,0.6649183249384831,0.6895695789084879,12.0069150768,85.83982737730041,0.7069399266413319,True,0.5500000000000002,0.15040102383547035,0.5930245107880843,0.06547176588990132,0.539920982402868,False
high_fdia_20,0.575,0.42500000000000004,0.04154886817527779,0.0187834008,33.39462818005072,72.90055048352355,22939.368057800002,0.6649183249384829,0.664827974774227,12.963877795399995,85.13072983030423,0.6972526024579965,True,0.5750000000000001,0.17354114405275242,0.560588171556176,0.07319162855334112,0.533163557578311,False
high_fdia_20,0.6,0.4,0.04016364063555556,0.0187373184,33.00121240027826,71.87376469574545,23936.7318864,0.6649183249384834,0.6400352251922948,13.922818731999998,84.34686958540827,0.6876665569505679,True,0.6000000000000001,0.19823580520315917,0.5280847804434832,0.08172542402839407,0.5266477326223894,False
high_fdia_20,0.625,0.375,0.03877841309583333,0.018691236,32.582661160761354,70.76610577087985,24934.095715000003,0.6649183249384825,0.6152161805276418,14.882776717199997,83.47576489582681,0.6782061940200894,True,0.6250000000000001,0.22450821613678004,0.4955469163750904,0.0912090396431065,0.5203994663040024,False
high_fdia_20,0.65,0.35,0.03739318555611112,0.018645153600000002,32.13270671536051,69.567627235343,25931.4595436,0.6649183249384831,0.5903151195915051,15.8459069508,82.50199181771362,0.6688743985677427,True,0.6500000000000001,0.2527518025244936,0.46290152865584844,0.10181039408331508,0.5144510027441771,False
high_fdia_20,0.675,0.32499999999999996,0.03600795801638888,0.018599071199999997,31.650041386228157,68.26668181892649,26928.8233722,0.6649183249384829,0.5653513930370028,16.8114609828,81.40626300528604,0.659701781088909,True,0.675,0.283048647147419,0.4301739860672432,0.11373946644317268,0.5088373655194972,False
high_fdia_20,0.7,0.30000000000000004,0.03462273047666666,0.0185529888,31.13406970849585,66.84954168563168,27926.187200800003,0.6649183249384834,0.5403577707278732,17.778171331199996,80.16413726797859,0.6507287201425727,True,0.7000000000000001,0.3154361272636864,0.3974072500280671,0.12726234512658902,0.5035981467126257,False
high_fdia_20,0.725,0.275,0.03323750293694445,0.0185069064,30.579901438215707,65.29991214986471,28923.551029399998,0.6649183249384834,0.5153137903018213,18.746829444999996,78.74417486473926,0.6419872278946489,True,0.725,0.3502212028973847,0.3645744943017801,0.1427213109440446,0.4987835905628986,False
high_fdia_20,0.75,0.25,0.03185227539722222,0.018460824,29.981601952327537,63.59830231541977,29920.914858,0.6649183249384827,0.49019273059721247,19.718468852799997,77.10523937947669,0.6335182854846139,True,0.75,0.38777638962379524,0.3316406873415688,0.1605642112813284,0.49445510304039886,False
high_fdia_20,0.775,0.22499999999999998,0.030467047857500002,0.018414741600000003,29.33652711433276,61.72120099150051,30918.2786866,0.6649183249384831,0.46501922667987317,20.6921367126,75.19244707258967,0.6253931507046877,True,0.775,0.4282676595727235,0.29863812581452975,0.18138855903912932,0.4906830028092546,False
high_fdia_20,0.8,0.19999999999999996,0.02908182031777777,0.018368659199999998,28.64208626975217,59.63998377620624,31915.642515200005,0.6649183249384836,0.43982668281608833,21.6665410048,72.93090060168953,0.6177069341260459,True,0.8000000000000002,0.4718576278140551,0.2656106028436608,0.20600975288797815,0.48755353350891745,False
high_fdia_20,0.825,0.17500000000000004,0.027696592778055557,0.0183225768,27.890013323868853,57.31944310986031,32913.0063438,0.6649183249384831,0.41458692777461115,22.642771344199993,70.2156513919113,0.6105684394589261,True,0.8250000000000001,0.5190651561183814,0.23252118583524858,0.23557035577723687,0.4851838736774496,False
high_fdia_20,0.85,0.15000000000000002,0.02631136523833334,0.0182764944,27.075404444643485,54.71578029709926,33910.3701724,0.6649183249384829,0.3893283103023332,23.619731249999997,66.89494733913064,0.6041519834076323,True,0.85,0.5701980574326555,0.1994070401067065,0.27172247524512844,0.48372069153899205,False
high_fdia_20,0.875,0.125,0.02492613769861111,0.018230412,26.188266493632632,51.77381481899363,34907.734001000004,0.6649183249384836,0.3640325324040854,24.598128457199998,62.74086786951289,0.5986972387250603,True,0.8750000000000001,0.6258835998543403,0.16624417691521357,0.3169474561159716,0.4833705966775137,False
high_fdia_20,0.9,0.09999999999999998,0.023540910158888893,0.0181843296,25.220599216713424,48.42303025306072,35905.0978296,0.6649183249384836,0.3387274928015898,25.576883891199998,57.394678129480184,0.5945914951978084,True,0.9000000000000001,0.6866239583719318,0.13306917159343604,0.3751508030892844,0.48442179747039255,False
high_fdia_20,0.925,0.07499999999999996,0.022155682619166662,0.018138247200000002,24.15761912522833,44.57184871892683,36902.461658199994,0.6649183249384825,0.3133855522779349,26.5570665894,50.25725620617,0.5924510040684441,True,0.9249999999999999,0.7533470907893336,0.09984578902052316,0.4528550868685599,0.48732217300284775,False
high_fdia_20,0.95,0.050000000000000044,0.020770455079444448,0.018092164799999998,22.984477429705485,40.09913321901657,37899.8254868,0.6649183249384836,0.28801448179376743,27.5383759844,40.247220353804465,0.59339034159398,True,0.9500000000000001,0.8269850538347059,0.0665842169561016,0.5618331849648254,0.49280507991594097,False
high_fdia_20,0.975,0.025000000000000022,0.019385227539722223,0.0180460824,21.683121516273044,34.84121458478112,38897.189315400006,0.6649183249384834,0.2626304656567356,28.520186095,25.193439790493777,0.5996240267224913,True,0.9750000000000002,0.9086710079082297,0.03330567309043349,0.7257219461185073,0.502232548629571,False
high_fdia_20,1.0,0.0,0.018,0.018,20.228140359788366,28.571428571428573,39894.553144,0.6649183249384834,0.23722575604579413,29.502796593599996,0.0,0.6162953095010306,True,1.0,1.0,0.0,1.0,0.5186128780228971,False
high_volatility,0.0,1.0,0.0747943291286111,0.0198893784,31.527220576778454,85.55583518887997,0.0,0.0,0.9995392296612111,0.017720779267853825,93.2469060565036,0.5934913061374846,False,0.0,0.23698508426613904,0.999430862905373,0.0013715961414508288,0.6353290435681362,False
high_volatility,0.025,0.975,0.07337447090039582,0.019842143939999998,31.90399171509976,85.26189033704777,1022.2979243149999,0.6649183249384829,0.9979446329375004,0.07904741899119556,93.08572230585497,0.8421813790858207,False,0.0205,0.2115036192999669,0.9973359973885285,0.0030977946658355604,0.6346863488358899,False
high_volatility,0.05,0.95,0.07195461267218055,0.019794909479999998,32.250301425134246,84.95573315548965,2044.5958486299999,0.6649183249384829,0.9944831786583416,0.21217158533390398,92.91665610513859,0.8401001714408466,False,0.041,0.1880822957267064,0.9927885898216361,0.004908410345304088,0.6331782131876056,False
high_volatility,0.075,0.925,0.07053475444396527,0.019747675019999997,32.580599996424525,84.6365864328503,3066.8937729449995,0.6649183249384831,0.9898560563412754,0.3901262111494057,92.739114742375,0.83753491061835,False,0.0615,0.16574382386230246,0.9867098121343929,0.00680979083301745,0.6311010725050733,False
high_volatility,0.1,0.9,0.07597177253737501,0.01992854844,31.206171297421637,85.7908457416838,4637.741802990001,0.6649183249384831,0.9999724527674855,0.001059439781034249,93.37497881715727,0.844200282333368,True,0.09300000000000003,0.2586980158903471,1.0,0.0,0.6573909287672948,False
high_volatility,0.125,0.875,0.07436144552244792,0.01987497765,31.64392310396993,85.4674679018704,5797.1772537375,0.6649183249384827,0.9991979629683204,0.03084556449616753,93.19856668045196,0.8431526704473524,True,0.11625000000000002,0.22909235826981464,0.9989825314768972,0.0018892870332078116,0.6572055527239826,False
high_volatility,0.15,0.85,0.07275111850752083,0.019821406859999998,32.06019347838762,85.1290281419842,6956.612704484999,0.6649183249384831,0.9966706877686969,0.1280421116509742,93.01250246474659,0.8413689200743918,False,0.1395,0.2009395145848134,0.9956623806271279,0.0038819430751407843,0.6561366062885403,False
high_volatility,0.175,0.825,0.07114079149259375,0.019767836070000003,32.44111298810542,84.77444906605824,8116.0481552325,0.6649183249384831,0.9919465829181829,0.3097265914162465,92.81597174541228,0.8386777645915593,False,0.16275000000000003,0.1751774904949319,0.9894561943217458,0.005986690212156396,0.6540448689761137,False
high_volatility,0.2,0.8,0.0734091015888889,0.019843296,31.89522912092909,85.26920199456838,9973.638286,0.6649183249384834,0.99800850954179,0.0765907868911949,93.08974510803093,0.8422236259439163,True,0.2,0.21209624361128626,0.9974199138381674,0.0030547124373101813,0.6707134183182701,True
high_volatility,0.225,0.775,0.07167756716423612,0.019785693,32.31550175478099,84.89450604994502,11220.34307175,0.6649183249384838,0.9936481203289717,0.24428711683585458,92.88269893876613,0.8396279516997092,True,0.22500000000000003,0.18367272252245653,0.991691550756687,0.00527207486017325,0.6688077273615317,False
high_volatility,0.25,0.75,0.06994603273958334,0.01972809,32.716379818758476,84.50025088927227,12467.047857499998,0.6649183249384829,0.9877659799888844,0.47050851568536495,92.66286244236679,0.8363990689151143,True,0.25,0.15656087847712508,0.9839640214193541,0.007626415382486112,0.6661448446770707,False
high_volatility,0.275,0.725,0.06821449831493055,0.019670487,33.08236575213955,84.08486397566662,13713.752643250002,0.6649183249384838,0.9799743103702893,0.7701685541375806,92.42901265609989,0.8323946955062512,True,0.2750000000000001,0.13180882931244434,0.9737278910172686,0.0101308313323394,0.6626378102503552,False
high_volatility,0.3,0.7,0.06648296389027777,0.019612883999999997,33.423001248400425,83.64659955676906,14960.457428999998,0.6649183249384829,0.9706927482059641,1.1271284114216236,92.1797655709209,0.827785968624962,True,0.3,0.10877125933593518,0.9615344478530012,0.012800144764442486,0.6584555150268946,False
high_volatility,0.325,0.675,0.06475142946562501,0.019555281,33.747083897852136,83.1835141397049,16207.16221475,0.6649183249384836,0.9604156281983374,1.522376455475458,91.91354871973685,0.8227793161738108,True,0.32500000000000007,0.08685317740709696,0.9480331130036785,0.015651196026315848,0.653821661811917,False
high_volatility,0.35,0.65,0.06301989504097222,0.019497678,34.03984195067312,82.69343767769993,17453.867000500002,0.6649183249384838,0.9486282245572241,1.9757085397719825,91.62856796944256,0.817174449179962,True,0.3500000000000001,0.06705361393798376,0.9325476770600788,0.018703199399214405,0.6485620820452782,False
high_volatility,0.375,0.625,0.06128836061631945,0.019440075,34.29889102985407,82.17393956727832,18700.57178625,0.6649183249384836,0.935371732983275,2.485540317714742,91.32276703461349,0.8109967307481522,True,0.37500000000000006,0.049533827085204055,0.9151322599457231,0.021978176686522508,0.6427280753833167,False
high_volatility,0.4,0.6,0.05955682619166666,0.019382472,34.52980542506046,81.62228833188794,19947.276572,0.6649183249384834,0.9209108139277477,3.0416932056518506,90.99377778119347,0.804356477636172,True,0.4,0.03391682123424465,0.8961345533652094,0.025501489436763995,0.6364314599573697,False
high_volatility,0.425,0.575,0.05782529176701388,0.019324868999999998,34.71731343750723,81.03540358060346,21193.98135775,0.6649183249384829,0.9047771338910631,3.6621788546622374,90.63885877952936,0.7970762245964346,True,0.42500000000000004,0.02123543891996468,0.8749392947358018,0.02930249701031431,0.6295329371076223,False
high_volatility,0.45,0.55,0.05609375734236111,0.019267265999999998,34.87483076783485,80.40979845809616,22440.6861435,0.6649183249384838,0.8874715772820468,4.327733737343415,90.25481873226539,0.7893577295089861,True,0.45000000000000007,0.010582360894425056,0.8522045096638322,0.03341537662891081,0.622214362573016,False
high_volatility,0.475,0.525,0.05436222291770834,0.019209663000000002,34.99245734132633,79.74151031524478,23687.390929250003,0.6649183249384834,0.8687380498733406,5.048206988704215,89.83792024772711,0.7811092875126237,True,0.47500000000000014,0.0026271405851722098,0.8275937601283393,0.037880153915282475,0.614416479733044,False
high_volatility,0.5,0.5,0.05263068849305556,0.019152060000000002,35.031302468563695,79.02601668820617,24934.095714999996,0.6649183249384829,0.8476616461535463,5.85878498523976,89.3837578100155,0.772001378021953,True,0.5,0.0,0.7999051096280755,0.0427440097732949,0.6059585345282454,False
high_volatility,0.525,0.475,0.05089915406840278,0.019094457,35.00199037442241,78.25813282081536,26180.800500750003,0.6649183249384831,0.8244979485516292,6.749638275209888,88.88710149578132,0.762132994603607,True,0.5250000000000001,0.0019824106041510673,0.7694743238203935,0.04806295410426715,0.59689691595369,False
high_volatility,0.55,0.44999999999999996,0.04916761964375,0.019036854,34.86586373952133,77.43188582050803,27427.505286500003,0.6649183249384838,0.79839536094345,7.753518417625287,88.34169466991607,0.7512044902755938,True,0.5500000000000002,0.011188811321704845,0.7351826374850907,0.05390399238640961,0.5870894655378105,False
high_volatility,0.575,0.42500000000000004,0.04743608521909722,0.018979251,34.64205123126576,76.54035898630829,28674.210072249996,0.6649183249384836,0.7704139314726393,8.829656991463155,87.73998903355641,0.7396621776665998,True,0.5750000000000001,0.02632550839865001,0.6984226649862043,0.060347963180104644,0.5770154566537429,False
high_volatility,0.6,0.4,0.045704550794444444,0.018921648000000003,34.33947722957279,75.5754977214219,29920.914857999996,0.6649183249384829,0.741072163696775,9.958112853989386,87.07279315917494,0.7277307260452283,True,0.6,0.04678893576775714,0.6598755786897502,0.0674933021438537,0.5669166451897187,False
high_volatility,0.625,0.375,0.04397301636979167,0.018864045,33.982396850503484,74.52786549626171,31167.619643749997,0.6649183249384829,0.7110888716965384,11.111241114493655,86.32879965949597,0.7156963989029395,True,0.625,0.07093869206252569,0.6204857043981404,0.07546110582213694,0.5570068653885689,False
high_volatility,0.65,0.35,0.04224148194513889,0.018806442,33.568623724493406,73.38633419250921,32414.3244295,0.6649183249384836,0.6805733352123838,12.284838980400115,85.49393910987457,0.7036268142867114,True,0.6500000000000001,0.0989226439685709,0.5803966059081415,0.08440205081829252,0.5473848273332064,False
high_volatility,0.675,0.32499999999999996,0.04050994752048611,0.018748839,33.10617177966671,72.13768727746371,33661.02921525,0.6649183249384836,0.6497572235919179,13.46999667382928,84.55048184987174,0.6916279252071579,True,0.675,0.13019880031946002,0.5399126336052738,0.09450601305693748,0.5381249958572522,False
high_volatility,0.7,0.30000000000000004,0.03877841309583333,0.018691236,32.58999915611363,70.76610577087986,34907.734001000004,0.6649183249384838,0.6186462427935489,14.666494749168107,83.47576489582681,0.679735046049043,True,0.7000000000000002,0.1651081478936058,0.49904128356383165,0.10601570192283157,0.5292942570333401,False
high_volatility,0.725,0.275,0.03704687867118056,0.018633633,32.01741857282621,69.25249452462087,36154.438786750005,0.6649183249384822,0.5872872338127119,15.872531747271083,82.24034776714207,0.6680040703029257,True,0.7250000000000002,0.2038324305930583,0.457844092086162,0.11924641045240332,0.5209652112265512,False
high_volatility,0.75,0.25,0.035315344246527776,0.01857603,31.394989750897928,67.57358777930669,37401.1435725,0.6649183249384836,0.5558609142732035,17.081157444021084,80.80527419879081,0.6565421577223549,True,0.7500000000000001,0.24592800694364314,0.4165584728786572,0.13461534104312778,0.5132062725181703,False
high_volatility,0.775,0.22499999999999998,0.033583809821875005,0.018518427,30.716344717920542,65.70074476030855,38647.848358250005,0.6649183249384836,0.5243633613635663,18.292522706933,79.11788953697679,0.645412933640787,True,0.7750000000000002,0.2918255502356477,0.3751792724361524,0.1526863990844708,0.5061077604149692,False
high_volatility,0.8,0.19999999999999996,0.03185227539722222,0.018460824,29.973897494861266,63.598302315419765,39894.553144,0.6649183249384834,0.4927906508040375,19.506778459991306,77.10523937947669,0.6347027584926177,True,0.8,0.3420381089467748,0.3337013353245301,0.17424089026610934,0.49978321978979345,False
high_volatility,0.825,0.17500000000000004,0.03012074097256945,0.018403221,29.162573171588146,61.22128211886088,41141.25792975,0.6649183249384831,0.4611899118280109,20.722112158698827,74.66324353949308,0.6245470704399355,True,0.8250000000000001,0.3969089050799356,0.29218657651226093,0.20039346208907502,0.4943696224316757,False
high_volatility,0.85,0.15000000000000002,0.02838920654791667,0.018345617999999998,28.2712169643031,58.512136804182155,42387.9627155,0.6649183249384829,0.4295497342941284,21.938962625999228,71.63811444134271,0.6151168320624089,True,0.8500000000000001,0.45719234947939635,0.2506200061832253,0.23279110368933761,0.4900552753717631,False
high_volatility,0.875,0.125,0.02665767212326389,0.018288014999999998,27.288480338178427,55.39602973122242,43634.66750125,0.6649183249384834,0.3978854634820187,23.156739697356706,67.79265915973194,0.6066788387308197,True,0.8750000000000001,0.5236559565941613,0.20902178385278053,0.2739740343879434,0.48709200533480884,False
high_volatility,0.9,0.09999999999999998,0.02492613769861111,0.018230412,26.19496148429941,51.773814818993614,44881.372287,0.6649183249384838,0.36614881672046073,24.377300277365904,62.74086786951288,0.5996361766860957,True,0.9000000000000001,0.5976118930523421,0.16732847924949915,0.32807622915375156,0.48585285170071923,False
high_volatility,0.925,0.07499999999999996,0.023194603273958333,0.018172809,24.97210782085419,47.511293470096966,46128.077072750006,0.6649183249384831,0.33435466285311016,25.600072524755348,55.80949058948371,0.5947058920527074,True,0.9250000000000003,0.6803148912773855,0.12555962598171397,0.40230786345057845,0.4868959208888633,False
high_volatility,0.95,0.050000000000000044,0.02146306884930556,0.018115206,23.59550626610236,42.422221890119296,47374.781858500006,0.6649183249384834,0.3025133985449113,26.824656593898936,45.70979496640525,0.5932302218466001,True,0.9500000000000003,0.773416036036178,0.0837288824337414,0.5104706255846961,0.4911655242004913,False
high_volatility,0.975,0.025000000000000022,0.019731534424652777,0.018057603,22.034632558559533,36.240371871088364,48621.48664425,0.6649183249384829,0.27065511841998785,28.049895074810937,29.625856648808337,0.5980996815230671,True,0.9750000000000001,0.8789797182029726,0.0418757847399417,0.682721677433305,0.5004981792860993,False
high_volatility,1.0,0.0,0.018,0.018,20.245216236022216,28.571428571428573,49868.19142999999,0.6649183249384829,0.2387795690769891,29.27579771306094,0.0,0.6169603736126007,True,1.0,1.0,0.0,1.0,0.5193897845384946,False
low_demand,0.0,1.0,0.0747943291286111,0.0198893784,15.834892215248786,35.02456211609207,0.0,0.0,1.0,0.0,93.2469060565036,0.625083309512999,False,0.0,0.98324575639732,1.0,0.0013715961414508288,0.7475554432666706,False
low_demand,0.025,0.975,0.07337447090039582,0.019842143939999998,16.04098964481197,35.737326741553574,1022.2979243149999,0.6649183249384829,1.0,0.0,93.08572230585497,0.874832298404521,False,0.0205,0.9624132212429856,1.0,0.0030977946658355604,0.7486168729197396,False
low_demand,0.05,0.95,0.07195461267218055,0.019794909479999998,16.25423307640983,36.47970412113836,2044.5958486299999,0.6649183249384829,1.0,0.0,92.91665610513859,0.8745748777420417,False,0.041,0.9408583610265875,1.0,0.004908410345304088,0.7495741746712532,False
low_demand,0.075,0.925,0.07053475444396527,0.019747675019999997,16.475012813626037,37.25357885584252,3066.8937729449995,0.6649183249384831,1.0,0.0,92.739114742375,0.8743108596303729,False,0.0615,0.9185417234699247,1.0,0.00680979083301745,0.7504217480621396,False
low_demand,0.1,0.9,0.07597177253737501,0.01992854844,15.669141550953409,34.45470281219669,4637.741802990001,0.6649183249384831,1.0,0.0,93.37497881715727,0.8752867380809358,True,0.09300000000000003,1.0,1.0,0.0,0.7686,False
low_demand,0.125,0.875,0.07436144552244792,0.01987497765,15.896991836961773,35.23883726272526,5797.1772537375,0.6649183249384827,1.0,0.0,93.19856668045196,0.8750074496456245,True,0.11625000000000002,0.976968664270802,1.0,0.0018892870332078116,0.7698897639922806,False
low_demand,0.15,0.85,0.07275111850752083,0.019821406859999998,16.133706341141504,36.059494223352345,6956.612704484999,0.6649183249384831,1.0,0.0,93.01250246474659,0.8747200848529704,False,0.1395,0.9530413244669189,1.0,0.0038819430751407843,0.7710502958237949,False
low_demand,0.175,0.825,0.07114079149259375,0.019767836070000003,16.379829474119976,36.919286190020664,8116.0481552325,0.6649183249384831,1.0,0.0,92.81597174541228,0.8744243693063477,False,0.16275000000000003,0.9281629510154098,1.0,0.005986690212156396,0.7720737771629193,False
low_demand,0.2,0.8,0.0734091015888889,0.019843296,16.03587938565764,35.719597256578076,9973.638286,0.6649183249384834,1.0,0.0,93.08974510803093,0.8748384961206538,True,0.2,0.9629297713703012,1.0,0.0030547124373101813,0.7845922013274107,True
low_demand,0.225,0.775,0.07167756716423612,0.019785693,16.296707563926116,36.62816909570618,11220.34307175,0.6649183249384838,1.0,0.0,92.88269893876613,0.8745238859333816,True,0.22500000000000003,0.9365649971732837,1.0,0.00527207486017325,0.7857483533190013,False
low_demand,0.25,0.75,0.06994603273958334,0.01972809,16.56886387969435,37.58416859759097,12467.047857499998,0.6649183249384829,1.0,0.0,92.66286244236679,0.8741994097982445,True,0.25,0.9090551634614674,1.0,0.007626415382486112,0.7867395952883445,False
low_demand,0.275,0.725,0.06821449831493055,0.019670487,16.853127448714563,38.5914088879117,13713.752643250002,0.6649183249384838,1.0,0.0,92.42901265609989,0.873864732446471,True,0.2750000000000001,0.8803215164321887,1.0,0.0101308313323394,0.7875547690314454,False
low_demand,0.3,0.7,0.06648296389027777,0.019612883999999997,17.150352029751883,39.65412310944516,14960.457428999998,0.6649183249384829,1.0,0.0,92.1797655709209,0.8735195303695753,True,0.3,0.8502777572920774,1.0,0.012800144764442486,0.7881816708320337,False
low_demand,0.325,0.675,0.06475142946562501,0.019555281,17.461475324292753,40.777023890979656,16207.16221475,0.6649183249384836,1.0,0.0,91.91354871973685,0.8731635006316777,True,0.32500000000000007,0.818829102233194,1.0,0.015651196026315848,0.7886069251362949,False
low_demand,0.35,0.65,0.06301989504097222,0.019497678,17.787529719865642,41.96537321470887,17453.867000500002,0.6649183249384838,1.0,0.0,91.62856796944256,0.8727963725908261,True,0.3500000000000001,0.7858711964873821,1.0,0.018703199399214405,0.7888158394430681,False
low_demand,0.375,0.625,0.06128836061631945,0.019440075,18.129654748177803,43.22506486705324,18700.57178625,0.6649183249384836,1.0,0.0,91.32276703461349,0.8724179234690308,True,0.37500000000000006,0.7512888550452936,1.0,0.021978176686522508,0.7887922370911201,False
low_demand,0.4,0.6,0.05955682619166666,0.019382472,18.489111589653298,44.56272219878588,19947.276572,0.6649183249384834,1.0,0.0,90.99377778119347,0.8720279990394999,True,0.4,0.7149545965231193,1.0,0.025501489436763995,0.7885182639503061,False
low_demand,0.425,0.575,0.05782529176701388,0.019324868999999998,18.867300032023444,45.98581461673765,21193.98135775,0.6649183249384829,1.0,0.0,90.63885877952936,0.8716265411564237,True,0.42500000000000004,0.6767269289712359,1.0,0.02930249701031431,0.787974164196201,False
low_demand,0.45,0.55,0.05609375734236111,0.019267265999999998,19.265778387066455,47.50279713250993,22440.6861435,0.6649183249384838,1.0,0.0,90.25481873226539,0.8712136244936016,True,0.45000000000000007,0.6364483366701611,1.0,0.03341537662891081,0.7871380193319698,False
low_demand,0.475,0.525,0.05436222291770834,0.019209663000000002,19.686286992719634,49.12327847406357,23687.390929250003,0.6649183249384834,1.0,0.0,89.83792024772711,0.8707895057668336,True,0.47500000000000014,0.5939429045134519,1.0,0.037880153915282475,0.7859854433727819,False
low_demand,0.5,0.5,0.05263068849305556,0.019152060000000002,20.130776086122307,50.85822482171182,24934.095714999996,0.6649183249384829,1.0,0.0,89.3837578100155,0.8703546900177398,True,0.5,0.5490135005725323,1.0,0.0427440097732949,0.7844892255745445,False
low_demand,0.525,0.475,0.05089915406840278,0.019094457,20.601439038338295,52.72020829829672,26180.800500750003,0.6649183249384831,1.0,0.0,88.88710149578132,0.8699100204275421,True,0.5250000000000001,0.5014384166975706,1.0,0.04806295410426715,0.7826189102098489,False
low_demand,0.55,0.44999999999999996,0.04916761964375,0.019036854,21.10075220961664,54.72371211896899,27427.505286500003,0.6649183249384838,1.0,0.0,88.34169466991607,0.8694568009108506,True,0.5500000000000002,0.45096733990769994,1.0,0.05390399238640961,0.7803403006054755,False
low_demand,0.575,0.42500000000000004,0.04743608521909722,0.018979251,21.631523037462422,56.885508068469115,28674.210072249996,0.6649183249384836,1.0,0.0,87.73998903355641,0.8689969648915187,True,0.5750000000000001,0.3973164916005275,1.0,0.060347963180104644,0.7776148718990843,False
low_demand,0.6,0.4,0.045704550794444444,0.018921648000000003,22.19694844004773,59.22512712899159,29920.914857999996,0.6649183249384829,1.0,0.0,87.07279315917494,0.8685333099607295,True,0.6,0.3401627240767019,1.0,0.0674933021438537,0.7743990737186979,False
low_demand,0.625,0.375,0.04397301636979167,0.018864045,22.800686249566237,61.76545122697574,31167.619643749997,0.6649183249384829,1.0,0.0,86.32879965949597,0.8680698278413715,True,0.625,0.27913629998469563,1.0,0.07546110582213694,0.7706435002888111,False
low_demand,0.65,0.35,0.04224148194513889,0.018806442,23.446943248968505,64.53346409435612,32414.3244295,0.6649183249384836,1.0,0.0,85.49393910987457,0.8676121743921884,True,0.6500000000000001,0.21381199347918867,1.0,0.08440205081829252,0.7662919015627929,False
low_demand,0.675,0.32499999999999996,0.04050994752048611,0.018748839,24.1405845661892,67.56121350105141,33661.02921525,0.6649183249384836,1.0,0.0,84.55048184987174,0.8671683490177499,True,0.675,0.14369803254272281,1.0,0.09450601305693748,0.7612800055342552,False
low_demand,0.7,0.30000000000000004,0.03877841309583333,0.018691236,24.886956963865256,70.76610577087986,34907.734001000004,0.6649183249384838,0.9999820413322166,0.00034730519999992977,83.47576489582681,0.8667422397759401,True,0.7000000000000002,0.06825396103845126,0.999971074568465,0.10601570192283157,0.7555270073748642,False
low_demand,0.725,0.275,0.03704687867118056,0.018633633,25.44362283434069,69.25249452462087,36154.438786750005,0.6649183249384822,0.9873367789450084,0.24489581154999931,82.24034776714207,0.8611739570894303,True,0.7250000000000002,0.011985615817083465,0.9796037691627225,0.11924641045240332,0.7443889292839592,False
low_demand,0.75,0.25,0.035315344246527776,0.01857603,25.562197198590294,67.57358777930669,37401.1435725,0.6649183249384836,0.9537242394100597,0.8949334371999996,80.80527419879081,0.8472462391385555,True,0.7500000000000001,0.0,0.9254651647425068,0.13461534104312778,0.726139403231437,False
low_demand,0.775,0.22499999999999998,0.033583809821875005,0.018518427,25.355101193969585,65.70074476030855,38647.848358250005,0.6649183249384836,0.9078575082124838,1.7819565975000002,79.11788953697679,0.8287077867707018,True,0.7750000000000002,0.02093347212397186,0.8515891395831446,0.1526863990844708,0.7048620088373757,False
low_demand,0.8,0.19999999999999996,0.03185227539722222,0.018460824,24.9366431982892,63.598302315419765,39894.553144,0.6649183249384834,0.8558371628761138,2.7879853664000014,77.10523937947669,0.8081481975181962,True,0.8,0.06323162656529857,0.7678016918944482,0.17424089026610934,0.6828955391256021,False
low_demand,0.825,0.17500000000000004,0.03012074097256945,0.018403221,24.369094732832725,61.22128211886088,41141.25792975,0.6649183249384831,0.800711392644796,3.854070383749997,74.66324353949308,0.7869186936849996,True,0.8250000000000001,0.1205999954162353,0.6790124391570896,0.20039346208907502,0.661366612654996,False
low_demand,0.85,0.15000000000000002,0.02838920654791667,0.018345617999999998,23.65028980782942,58.512136804182155,42387.9627155,0.6649183249384829,0.7430676037133473,4.968851718599998,71.63811444134271,0.7654417276140046,True,0.8500000000000001,0.19325751909801128,0.5861674970783368,0.23279110368933761,0.6407787346136761,False
low_demand,0.875,0.125,0.02665767212326389,0.018288014999999998,22.805014769130114,55.39602973122242,43634.66750125,0.6649183249384834,0.6841807272071324,6.107673298749999,67.79265915973194,0.7444786385452175,True,0.8750000000000001,0.2786987688802475,0.49132035500514476,0.2739740343879434,0.621725916155515,False
low_demand,0.9,0.09999999999999998,0.02492613769861111,0.018230412,21.8178307630794,51.773814818993614,44881.372287,0.6649183249384838,0.624160704888902,7.268408945,62.74086786951288,0.7244957878043342,True,0.9000000000000001,0.37848431959495715,0.39464809249428573,0.32807622915375156,0.6047216210908107,False
low_demand,0.925,0.07499999999999996,0.023194603273958333,0.018172809,20.68565449877865,47.511293470096966,46128.077072750006,0.6649183249384831,0.563514650939071,8.441251504950001,55.80949058948371,0.706400793335541,True,0.9250000000000003,0.4929258333825793,0.2969675015641316,0.40230786345057845,0.5905083438058646,False
low_demand,0.95,0.050000000000000044,0.02146306884930556,0.018115206,19.38675160983631,42.422221890119296,47374.781858500006,0.6649183249384834,0.5023689826612504,9.623756176599999,45.70979496640525,0.6915827440114848,True,0.9500000000000003,0.6242202418247883,0.1984821983795645,0.5104706255846961,0.5801892787215348,False
low_demand,0.975,0.025000000000000022,0.019731534424652777,0.018057603,17.8918012801757,36.240371871088364,48621.48664425,0.6649183249384829,0.4408410300343199,10.813653899,29.625856648808337,0.6829690043062843,True,0.9750000000000001,0.7753313224561506,0.0993811624524307,0.682721677433305,0.5757944135024908,False
low_demand,1.0,0.0,0.018,0.018,16.1645181957672,28.571428571428573,49868.19142999999,0.6649183249384829,0.3791391578169758,12.0069150768,0.0,0.6882835846261047,True,1.0,0.9499268312584372,0.0,1.0,0.5820586035972536,False
normal_demand,0.0,1.0,0.0747943291286111,0.0198893784,31.66978443049757,70.04912423218414,0.0,0.0,1.0,0.0,93.2469060565036,0.5934135250825013,False,0.0,0.28150372388804923,1.0,0.0013715961414508288,0.6422941383902799,False
normal_demand,0.025,0.975,0.07337447090039582,0.019842143939999998,32.08197928962394,71.47465348310715,1022.2979243149999,0.6649183249384829,1.0,0.0,93.08572230585497,0.8427503191148971,False,0.0205,0.2556192907170367,1.0,0.0030977946658355604,0.6425977833408473,False
normal_demand,0.05,0.95,0.07195461267218055,0.019794909479999998,32.50846615281966,72.95940824227672,2044.5958486299999,0.6649183249384829,1.0,0.0,92.91665610513859,0.842066411589222,False,0.041,0.2288373683706446,1.0,0.004908410345304088,0.6427710257728618,False
normal_demand,0.075,0.925,0.07053475444396527,0.019747675019999997,32.950025627252074,74.50715771168504,3066.8937729449995,0.6649183249384831,1.0,0.0,92.739114742375,0.8413608340031209,False,0.0615,0.20110893737759972,1.0,0.00680979083301745,0.6428068301482908,False
normal_demand,0.1,0.9,0.07597177253737501,0.01992854844,31.338283101906818,68.90940562439339,4637.741802990001,0.6649183249384831,1.0,0.0,93.37497881715727,0.843948454979029,True,0.09300000000000003,0.30232087819268033,1.0,0.0,0.663948131728902,False
normal_demand,0.125,0.875,0.07436144552244792,0.01987497765,31.793983673923545,70.47767452545052,5797.1772537375,0.6649183249384827,1.0,0.0,93.19856668045196,0.843213465971701,True,0.11625000000000002,0.2737044344375121,1.0,0.0018892870332078116,0.6644001295172872,False
normal_demand,0.15,0.85,0.07275111850752083,0.019821406859999998,32.26741268228301,72.11898844670469,6956.612704484999,0.6649183249384831,1.0,0.0,93.01250246474659,0.8424526721706873,False,0.1395,0.24397470526507123,1.0,0.0038819430751407843,0.6646903029435177,False
normal_demand,0.175,0.825,0.07114079149259375,0.019767836070000003,32.75965894823995,73.83857238004133,8116.0481552325,0.6649183249384831,1.0,0.0,92.81597174541228,0.8416647103581077,False,0.16275000000000003,0.21306331640920778,1.0,0.005986690212156396,0.6648088319719889,False
normal_demand,0.2,0.8,0.0734091015888889,0.019843296,32.07175877131528,71.43919451315615,9973.638286,0.6649183249384834,1.0,0.0,93.08974510803093,0.8427667373493385,True,0.2,0.25626110445458367,1.0,0.0030547124373101813,0.678591901290053,True
normal_demand,0.225,0.775,0.07167756716423612,0.019785693,32.59341512785223,73.25633819141235,11220.34307175,0.6649183249384838,1.0,0.0,92.88269893876613,0.8419304708055294,True,0.22500000000000003,0.22350286208437725,1.0,0.00527207486017325,0.6787890330556653,False
normal_demand,0.25,0.75,0.06994603273958334,0.01972809,33.1377277593887,75.16833719518193,12467.047857499998,0.6649183249384829,1.0,0.0,92.66286244236679,0.8410616820388558,True,0.25,0.18932188281402584,1.0,0.007626415382486112,0.6787796031912282,False
normal_demand,0.275,0.725,0.06821449831493055,0.019670487,33.706254897429126,77.1828177758234,13713.752643250002,0.6649183249384838,1.0,0.0,92.42901265609989,0.8401584775490418,True,0.2750000000000001,0.1536203150125631,1.0,0.0101308313323394,0.6785495888185015,False
normal_demand,0.3,0.7,0.06648296389027777,0.019612883999999997,34.300704059503765,79.30824621889032,14960.457428999998,0.6649183249384829,1.0,0.0,92.1797655709209,0.8392188263100715,True,0.3,0.1162909323950855,1.0,0.012800144764442486,0.6780836470974849,False
normal_demand,0.325,0.675,0.06475142946562501,0.019555281,34.922950648585505,81.55404778195931,16207.16221475,0.6649183249384836,1.0,0.0,91.91354871973685,0.8382405499830922,True,0.32500000000000007,0.07721596604272969,1.0,0.015651196026315848,0.6773649547077253,False
normal_demand,0.35,0.65,0.06301989504097222,0.019497678,35.55161586370102,82.69343767769993,17453.867000500002,0.6649183249384838,0.998914952488865,0.041967772599999446,91.62856796944256,0.8367799289231447,True,0.3500000000000001,0.037737931838016395,0.9985774984935122,0.018703199399214405,0.675911075839447,False
normal_demand,0.375,0.625,0.06128836061631945,0.019440075,35.96748138074953,82.17393956727832,18700.57178625,0.6649183249384836,0.9879482054523766,0.4661426967999991,91.32276703461349,0.8313189626574569,True,0.37500000000000006,0.011622993852167219,0.9842000504826339,0.021978176686522508,0.670236465686603,False
normal_demand,0.4,0.6,0.05955682619166666,0.019382472,36.143552955156466,81.62228833188794,19947.276572,0.6649183249384834,0.9682972702827081,1.2262070903999995,90.99377778119347,0.8224528879357124,True,0.4,0.0005662986990284315,0.9584375980592295,0.025501489436763995,0.6613524142239694,False
normal_demand,0.425,0.575,0.05782529176701388,0.019324868999999998,36.15257093947651,81.03540358060346,21193.98135775,0.6649183249384829,0.9437691644380172,2.1749120621500007,90.63885877952936,0.8117521233386252,True,0.42500000000000004,0.0,0.9262811559151718,0.02930249701031431,0.6509778226610415,False
normal_demand,0.45,0.55,0.05609375734236111,0.019267265999999998,36.07024885825531,80.40979845809616,22440.6861435,0.6649183249384838,0.9170530008338058,3.208247346899997,90.25481873226539,0.8002785339264367,True,0.45000000000000007,0.005169546302409272,0.891256161539752,0.03341537662891081,0.640098317347685,False
normal_demand,0.475,0.525,0.05436222291770834,0.019209663000000002,35.91732715801299,79.74151031524478,23687.390929250003,0.6649183249384834,0.8889421510498959,4.295526695699998,89.83792024772711,0.7883513934087,True,0.47500000000000014,0.0147725082090898,0.8544027281592749,0.037880153915282475,0.629021232268003,False
normal_demand,0.5,0.5,0.05263068849305556,0.019152060000000002,35.703895700101356,79.02601668820617,24934.095714999996,0.6649183249384829,0.8598231713276696,5.421798777599998,89.3837578100155,0.7761288778872331,True,0.5,0.02817527679435194,0.8162276325093826,0.0427440097732949,0.6178978409225905,False
normal_demand,0.525,0.475,0.05089915406840278,0.019094457,35.445927238632784,78.25813282081536,26180.800500750003,0.6649183249384831,0.8301362494464972,6.570037885949999,88.88710149578132,0.7637823562778769,True,0.5250000000000001,0.04437481750493876,0.7773079624805728,0.04806295410426715,0.60685829130226,False
normal_demand,0.55,0.44999999999999996,0.04916761964375,0.019036854,35.144650922021,77.43188582050803,27427.505286500003,0.6649183249384838,0.799981203545761,7.736383226700001,88.34169466991607,0.7513605450816344,True,0.5500000000000002,0.0632939440070861,0.737774580041736,0.05390399238640961,0.5959573509974376,False
normal_demand,0.575,0.42500000000000004,0.04743608521909722,0.018979251,34.80736051423093,76.54035898630829,28674.210072249996,0.6649183249384836,0.7695534634065343,8.913275911849999,87.73998903355641,0.7389443484709222,True,0.5750000000000001,0.08447463276717844,0.6978836943958205,0.060347963180104644,0.5852536942169312,False
normal_demand,0.6,0.4,0.045704550794444444,0.018921648000000003,34.43235261587226,75.5754977214219,29920.914857999996,0.6649183249384829,0.7388797144494637,10.099683795199997,87.07279315917494,0.7265583731113392,True,0.6,0.10802385146495692,0.6576702902330652,0.0674933021438537,0.5747851290749746,False
normal_demand,0.625,0.375,0.04397301636979167,0.018864045,34.02436480513203,74.52786549626171,31167.619643749997,0.6649183249384829,0.7080878936876294,11.290658492999999,86.32879965949597,0.7142620228896732,True,0.625,0.1336440963270009,0.6173020934751228,0.07546110582213694,0.564593825931484,False
normal_demand,0.65,0.35,0.04224148194513889,0.018806442,33.58216480957926,73.38633419250921,32414.3244295,0.6649183249384836,0.6772086939159915,12.4850128607,85.49393910987457,0.7020856435331632,True,0.6500000000000001,0.16141274986471685,0.5768193424955397,0.08440205081829252,0.5547182962281719,False
normal_demand,0.675,0.32499999999999996,0.04050994752048611,0.018748839,33.1016694918845,72.13768727746371,33661.02921525,0.6649183249384836,0.6462334125877778,13.683083497850001,84.55048184987174,0.6900512148308593,True,0.675,0.19158621919476873,0.5362106282216563,0.09450601305693748,0.5452010026481167,False
normal_demand,0.7,0.30000000000000004,0.03877841309583333,0.018691236,32.582661160761354,70.76610577087986,34907.734001000004,0.6649183249384838,0.6152161805276418,14.882776717199997,83.47576489582681,0.6782061940200894,True,0.7000000000000002,0.22417817458846107,0.4955469163750904,0.10601570192283157,0.5360902931857409,False
normal_demand,0.725,0.275,0.03704687867118056,0.018633633,32.01509776998038,69.25249452462087,36154.438786750005,0.6649183249384822,0.5840783839162355,16.087133166149997,82.24034776714207,0.6665647294552032,True,0.7250000000000002,0.2598192223446622,0.45472514393297353,0.11924641045240332,0.5274469102257346,False
normal_demand,0.75,0.25,0.035315344246527776,0.01857603,31.396344052959975,67.57358777930669,37401.1435725,0.6649183249384836,0.5528573230176975,17.2947101346,80.80527419879081,0.6551878330532531,True,0.7500000000000001,0.2986748482286818,0.41379421168663993,0.13461534104312778,0.5193400769639713,False
normal_demand,0.775,0.22499999999999998,0.033583809821875005,0.018518427,30.722417065373055,65.70074476030855,38647.848358250005,0.6649183249384836,0.5215820144459835,18.5043853098,79.11788953697679,0.6441491828329697,True,0.7750000000000002,0.34099516757790393,0.37279216052982134,0.1526863990844708,0.5118538183668832,False
normal_demand,0.8,0.19999999999999996,0.03185227539722222,0.018460824,29.981601952327534,63.598302315419765,39894.553144,0.6649183249384834,0.49019273059721236,19.7184688528,77.10523937947669,0.6335182854846139,True,0.8,0.387515833377436,0.3316406873415687,0.17424089026610934,0.5050998535526839,False
normal_demand,0.825,0.17500000000000004,0.03012074097256945,0.018403221,29.167638819407237,61.22128211886088,41141.25792975,0.6649183249384831,0.4587212772423819,20.935730571049994,74.66324353949308,0.6234260535807643,True,0.8250000000000001,0.43862994567470825,0.2903814896113423,0.20039346208907502,0.49921295253798514,False
normal_demand,0.85,0.15000000000000002,0.02838920654791667,0.018345617999999998,28.273870818344758,58.512136804182155,42387.9627155,0.6649183249384829,0.42721518768958006,22.1543319579,71.63811444134271,0.6140609783822787,True,0.8500000000000001,0.4947555318669388,0.2490768836908868,0.23279110368933761,0.4943681671783864,False
normal_demand,0.875,0.125,0.02665767212326389,0.018288014999999998,27.285272974732692,55.39602973122242,43634.66750125,0.6649183249384834,0.39564367739597484,23.375463706549997,67.79265915973194,0.6056764497189914,True,0.8750000000000001,0.5568361091701574,0.20768651092483867,0.2739740343879434,0.4908146078853921,False
normal_demand,0.9,0.09999999999999998,0.02492613769861111,0.018230412,26.188266493632632,51.773814818993614,44881.372287,0.6649183249384838,0.3640325324040854,24.5981284572,62.74086786951288,0.5986972387250603,True,0.9000000000000001,0.6257243796555905,0.16624417691521345,0.32807622915375156,0.48890315229959025,False
normal_demand,0.925,0.07499999999999996,0.023194603273958333,0.018172809,24.964381260582254,47.511293470096966,46128.077072750006,0.6649183249384831,0.33239598626397904,25.821775680600002,55.80949058948371,0.5938399407081424,True,0.9250000000000003,0.7025802036001818,0.12476854190149937,0.40230786345057845,0.48917727103469566,False
normal_demand,0.95,0.050000000000000044,0.02146306884930556,0.018115206,23.585807866772846,42.422221890119296,47374.781858500006,0.6649183249384834,0.30070224375838484,27.047635161099997,45.70979496640525,0.5924345989913222,True,0.9500000000000003,0.7891499171551392,0.08321792223021304,0.5104706255846961,0.4925689329547195,False
normal_demand,0.975,0.025000000000000022,0.019731534424652777,0.018057603,22.0217295943517,36.240371871088364,48621.48664425,0.6649183249384829,0.26897773142234926,28.27468476575,29.625856648808337,0.5973706633025454,True,0.9750000000000001,0.8873687052364004,0.04162696319156434,0.682721677433305,0.5008929516874564,False
normal_demand,1.0,0.0,0.018,0.018,20.228140359788366,28.571428571428573,49868.19142999999,0.6649183249384829,0.23722575604579413,29.502796593599996,0.0,0.6162953095010306,True,1.0,1.0,0.0,1.0,0.5186128780228971,False
